0,0.0,0.0,0.0,150.0,325.0,357.94552658190884
1,0.0,0.0,0.0,150.0,325.0,357.94552658190884
2,0.0,0.0,0.0,150.5,324.9,358.0646031095506
3,0.0,0.0,0.0,150.5,324.9,358.0646031095506
4,0.0,0.0,0.0,151.0,324.8,358.18436593463986
5,0.0,0.0,0.0,151.0,324.8,358.18436593463986
6,0.0,0.0,0.0,151.5,324.7,358.30481436899504
7,0.0,0.0,0.0,151.5,324.7,358.30481436899504
8,0.0,0.0,0.0,152.0,324.6,358.4259477214227
9,0.0,0.0,0.0,152.0,324.6,358.4259477214227
10,0.0,0.0,0.0,152.5,324.5,358.54776529773545
11,0.0,0.0,0.0,152.5,324.5,358.54776529773545
12,0.0,0.0,0.0,153.0,324.4,358.6702664007709
13,0.0,0.0,0.0,153.0,324.4,358.6702664007709
14,0.0,0.0,0.0,153.5,324.3,358.7934503304095
15,0.0,0.0,0.0,153.5,324.3,358.7934503304095
16,0.0,0.0,0.0,154.0,324.2,358.9173163835927
17,0.0,0.0,0.0,154.0,324.2,358.9173163835927
18,0.0,0.0,0.0,154.5,324.1,359.04186385434224
19,0.0,0.0,0.0,154.5,324.1,359.04186385434224
20,0.0,0.0,0.0,155.0,324.0,359.1670920337775
21,0.0,0.0,0.0,155.0,324.0,359.1670920337775
22,0.0,0.0,0.0,155.5,323.9,359.2930002101349
23,0.0,0.0,0.0,155.5,323.9,359.2930002101349
24,0.0,0.0,0.0,156.0,323.8,359.4195876687858
25,0.0,0.0,0.0,156.0,323.8,359.4195876687858
26,0.0,0.0,0.0,156.5,323.7,359.54685369225524
27,0.0,0.0,0.0,156.5,323.7,359.54685369225524
28,0.0,0.0,0.0,157.0,323.6,359.67479756024056
29,0.0,0.0,0.0,157.0,323.6,359.67479756024056
30,0.0,0.0,0.0,157.5,323.5,359.80341854962967
31,0.0,0.0,0.0,157.5,323.5,359.80341854962967
32,0.0,0.0,0.0,158.0,323.4,359.93271593452016
33,0.0,0.0,0.0,158.0,323.4,359.93271593452016
34,0.0,0.0,0.0,158.5,323.3,360.0626889862375
35,0.0,0.0,0.0,158.5,323.3,360.0626889862375
36,0.0,0.0,0.0,159.0,323.2,360.1933369733538
37,0.0,0.0,0.0,159.0,323.2,360.1933369733538
38,0.0,0.0,0.0,159.5,323.1,360.32465916170656
39,0.0,0.0,0.0,159.5,323.1,360.32465916170656
40,0.0,0.0,0.0,160.0,323.0,360.45665481441733
41,0.0,0.0,0.0,160.0,323.0,360.45665481441733
42,0.0,0.0,0.0,160.5,322.9,360.58932319191035
43,0.0,0.0,0.0,160.5,322.9,360.58932319191035
44,0.0,0.0,0.0,161.0,322.8,360.72266355193153
45,0.0,0.0,0.0,161.0,322.8,360.72266355193153
46,0.0,0.0,0.0,161.5,322.7,360.8566751495668
47,0.0,0.0,0.0,161.5,322.7,360.8566751495668
48,0.0,0.0,0.0,162.0,322.6,360.9913572372613
49,0.0,0.0,0.0,162.0,322.6,360.9913572372613
50,0.0,0.0,0.0,162.5,322.5,361.12670906483777
51,0.0,0.0,0.0,162.5,322.5,361.12670906483777
52,0.0,0.0,0.0,163.0,322.4,361.2627298795158
53,0.0,0.0,0.0,163.0,322.4,361.2627298795158
54,0.0,0.0,0.0,163.5,322.3,361.3994189259302
55,0.0,0.0,0.0,163.5,322.3,361.3994189259302
56,0.0,0.0,0.0,164.0,322.2,361.53677544615016
57,0.0,0.0,0.0,164.0,322.2,361.53677544615016
58,0.0,0.0,0.0,164.5,322.1,361.6747986796979
59,0.0,0.0,0.0,164.5,322.1,361.6747986796979
60,0.0,0.0,0.0,165.0,322.0,361.8134878635676
61,0.0,0.0,0.0,165.0,322.0,361.8134878635676
62,0.0,0.0,0.0,165.5,321.9,361.9528422322444
63,0.0,0.0,0.0,165.5,321.9,361.9528422322444
64,0.0,0.0,0.0,166.0,321.8,362.0928610177229
65,0.0,0.0,0.0,166.0,321.8,362.0928610177229
66,0.0,0.0,0.0,166.5,321.7,362.2335434495265
67,0.0,0.0,0.0,166.5,321.7,362.2335434495265
68,0.0,0.0,0.0,167.0,321.6,362.37488875472593
69,0.0,0.0,0.0,167.0,321.6,362.37488875472593
70,0.0,0.0,0.0,167.5,321.5,362.5168961579584
71,0.0,0.0,0.0,167.5,321.5,362.5168961579584
72,0.0,0.0,0.0,168.0,321.4,362.65956488144633
73,0.0,0.0,0.0,168.0,321.4,362.65956488144633
74,0.0,0.0,0.0,168.5,321.3,362.8028941450164
75,0.0,0.0,0.0,168.5,321.3,362.8028941450164
76,0.0,0.0,0.0,169.0,321.2,362.9468831661184
77,0.0,0.0,0.0,169.0,321.2,362.9468831661184
78,0.0,0.0,0.0,169.5,321.1,363.09153115984407
79,0.0,0.0,0.0,169.5,321.1,363.09153115984407
80,0.0,0.0,0.0,170.0,321.0,363.23683733894615
81,0.0,0.0,0.0,170.0,321.0,363.23683733894615
82,0.0,0.0,0.0,170.5,320.9,363.38280091385724
83,0.0,0.0,0.0,170.5,320.9,363.38280091385724
84,0.0,0.0,0.0,171.0,320.8,363.52942109270884
85,0.0,0.0,0.0,171.0,320.8,363.52942109270884
86,0.0,0.0,0.0,171.5,320.7,363.67669708134997
87,0.0,0.0,0.0,171.5,320.7,363.67669708134997
88,0.0,0.0,0.0,172.0,320.6,363.8246280833666
89,0.0,0.0,0.0,172.0,320.6,363.8246280833666
90,0.0,0.0,0.0,172.5,320.5,363.97321330009987
91,0.0,0.0,0.0,172.5,320.5,363.97321330009987
92,0.0,0.0,0.0,173.0,320.4,364.1224519306657
93,0.0,0.0,0.0,173.0,320.4,364.1224519306657
94,0.0,0.0,0.0,173.5,320.3,364.2723431719735
95,0.0,0.0,0.0,173.5,320.3,364.2723431719735
96,0.0,0.0,0.0,174.0,320.2,364.42288621874445
97,0.0,0.0,0.0,174.0,320.2,364.42288621874445
98,0.0,0.0,0.0,174.5,320.1,364.57408026353164
99,0.0,0.0,0.0,174.5,320.1,364.57408026353164
100,153.9912838472395,174.5,320.1,175.0,320.0,0.509901951359283
101,153.9912838472395,174.5,320.1,175.0,320.0,0.509901951359283
102,153.9912838472395,174.5,320.1,175.0,320.0,0.509901951359283
103,153.9912838472395,174.5,320.1,175.0,320.0,0.509901951359283
104,156.17376188860607,175.0,320.0,175.0,320.0,0.0
105,156.17376188860607,175.0,320.0,175.0,320.0,0.0
106,156.17376188860607,175.0,320.0,175.0,320.0,0.0
107,156.17376188860607,175.0,320.0,175.0,320.0,0.0
108,156.17376188860607,175.0,320.0,175.0,320.0,0.0
109,156.17376188860607,175.0,320.0,175.0,320.0,0.0
110,156.17376188860607,175.0,320.0,175.0,320.0,0.0
111,156.17376188860607,175.0,320.0,175.0,320.0,0.0
112,156.17376188860607,175.0,320.0,175.0,320.0,0.0
113,156.17376188860607,175.0,320.0,175.0,320.0,0.0
114,156.17376188860607,175.0,320.0,175.0,320.0,0.0
115,156.17376188860607,175.0,320.0,175.0,320.0,0.0
116,156.17376188860607,175.0,320.0,175.0,320.0,0.0
117,156.17376188860607,175.0,320.0,175.0,320.0,0.0
118,156.17376188860607,175.0,320.0,175.0,320.0,0.0
119,156.17376188860607,175.0,320.0,175.0,320.0,0.0
120,156.17376188860607,175.0,320.0,175.0,320.0,0.0
121,156.17376188860607,175.0,320.0,175.0,320.0,0.0
122,156.17376188860607,175.0,320.0,175.0,320.0,0.0
123,156.17376188860607,175.0,320.0,175.0,320.0,0.0
124,156.17376188860607,175.0,320.0,175.0,320.0,0.0
125,156.17376188860607,175.0,320.0,175.0,320.0,0.0
126,156.17376188860607,175.0,320.0,175.0,320.0,0.0
127,156.17376188860607,175.0,320.0,175.0,320.0,0.0
128,156.17376188860607,175.0,320.0,175.0,320.0,0.0
129,156.17376188860607,175.0,320.0,175.0,320.0,0.0
130,156.17376188860607,175.0,320.0,175.0,320.0,0.0
131,156.17376188860607,175.0,320.0,175.0,320.0,0.0
132,156.17376188860607,175.0,320.0,175.0,320.0,0.0
133,156.17376188860607,175.0,320.0,175.0,320.0,0.0
134,156.17376188860607,175.0,320.0,175.0,320.0,0.0
135,156.17376188860607,175.0,320.0,175.0,320.0,0.0
136,156.17376188860607,175.0,320.0,175.0,320.0,0.0
137,156.17376188860607,175.0,320.0,175.0,320.0,0.0
138,156.17376188860607,175.0,320.0,175.0,320.0,0.0
139,156.17376188860607,175.0,320.0,175.0,320.0,0.0
140,156.17376188860607,175.0,320.0,175.0,320.0,0.0
141,156.17376188860607,175.0,320.0,175.0,320.0,0.0
142,156.17376188860607,175.0,320.0,175.0,320.0,0.0
143,156.17376188860607,175.0,320.0,175.0,320.0,0.0
144,156.17376188860607,175.0,320.0,175.0,320.0,0.0
145,156.17376188860607,175.0,320.0,175.0,320.0,0.0
146,156.17376188860607,175.0,320.0,175.0,320.0,0.0
147,156.17376188860607,175.0,320.0,175.0,320.0,0.0
148,156.17376188860607,175.0,320.0,175.0,320.0,0.0
149,156.17376188860607,175.0,320.0,175.0,320.0,0.0
150,156.17376188860607,175.0,320.0,175.0,320.0,0.0
151,156.17376188860607,175.0,320.0,175.0,320.0,0.0
152,156.17376188860607,175.0,320.0,175.0,320.0,0.0
153,156.17376188860607,175.0,320.0,175.0,320.0,0.0
154,156.17376188860607,175.0,320.0,175.0,320.0,0.0
155,156.17376188860607,175.0,320.0,175.0,320.0,0.0
156,156.17376188860607,175.0,320.0,175.0,320.0,0.0
157,156.17376188860607,175.0,320.0,175.0,320.0,0.0
158,156.17376188860607,175.0,320.0,175.0,320.0,0.0
159,156.17376188860607,175.0,320.0,175.0,320.0,0.0
160,156.17376188860607,175.0,320.0,175.0,320.0,0.0
161,156.17376188860607,175.0,320.0,175.0,320.0,0.0
162,156.17376188860607,175.0,320.0,175.0,320.0,0.0
163,156.17376188860607,175.0,320.0,175.0,320.0,0.0
164,156.17376188860607,175.0,320.0,175.0,320.0,0.0
165,156.17376188860607,175.0,320.0,175.0,320.0,0.0
166,156.17376188860607,175.0,320.0,175.0,320.0,0.0
167,156.17376188860607,175.0,320.0,175.0,320.0,0.0
168,156.17376188860607,175.0,320.0,175.0,320.0,0.0
169,156.17376188860607,175.0,320.0,175.0,320.0,0.0
170,156.17376188860607,175.0,320.0,175.0,320.0,0.0
171,156.17376188860607,175.0,320.0,175.0,320.0,0.0
172,156.17376188860607,175.0,320.0,175.0,320.0,0.0
173,156.17376188860607,175.0,320.0,175.0,320.0,0.0
174,156.17376188860607,175.0,320.0,175.0,320.0,0.0
175,156.17376188860607,175.0,320.0,175.0,320.0,0.0
176,156.17376188860607,175.0,320.0,175.0,320.0,0.0
177,156.17376188860607,175.0,320.0,175.0,320.0,0.0
178,156.17376188860607,175.0,320.0,175.0,320.0,0.0
179,156.17376188860607,175.0,320.0,175.0,320.0,0.0
180,156.17376188860607,175.0,320.0,175.0,320.0,0.0
181,156.17376188860607,175.0,320.0,175.0,320.0,0.0
182,156.17376188860607,175.0,320.0,175.0,320.0,0.0
183,156.17376188860607,175.0,320.0,175.0,320.0,0.0
184,156.17376188860607,175.0,320.0,175.0,320.0,0.0
185,156.17376188860607,175.0,320.0,175.0,320.0,0.0
186,156.17376188860607,175.0,320.0,175.0,320.0,0.0
187,156.17376188860607,175.0,320.0,175.0,320.0,0.0
188,156.17376188860607,175.0,320.0,175.0,320.0,0.0
189,156.17376188860607,175.0,320.0,175.0,320.0,0.0
190,156.17376188860607,175.0,320.0,175.0,320.0,0.0
191,156.17376188860607,175.0,320.0,175.0,320.0,0.0
192,156.17376188860607,175.0,320.0,175.0,320.0,0.0
193,156.17376188860607,175.0,320.0,175.0,320.0,0.0
194,156.17376188860607,175.0,320.0,175.0,320.0,0.0
195,156.17376188860607,175.0,320.0,175.0,320.0,0.0
196,156.17376188860607,175.0,320.0,175.0,320.0,0.0
197,156.17376188860607,175.0,320.0,175.0,320.0,0.0
198,156.17376188860607,175.0,320.0,175.0,320.0,0.0
199,156.17376188860607,175.0,320.0,175.0,320.0,0.0
200,156.17376188860607,175.0,320.0,175.0,320.0,0.0
201,156.17376188860607,175.0,320.0,175.0,320.0,0.0
202,156.17376188860607,175.0,320.0,176.0,319.1,1.3453624047073558
203,156.17376188860607,175.0,320.0,176.0,319.1,1.3453624047073558
204,163.0117995797347,176.0,319.1,177.0,318.2,1.3453624047073938
205,163.0117995797347,176.0,319.1,177.0,318.2,1.3453624047073938
206,170.47479934565342,177.0,318.2,178.0,317.3,1.3453624047073558
207,170.47479934565342,177.0,318.2,178.0,317.3,1.3453624047073558
208,178.65234176871616,178.0,317.3,179.0,316.4,1.3453624047073938
209,178.65234176871616,178.0,317.3,179.0,316.4,1.3453624047073938
210,178.65234176871616,178.0,317.3,180.0,315.5,2.69072480941475
211,178.65234176871616,178.0,317.3,180.0,315.5,2.69072480941475
212,197.60376304381063,180.0,315.5,181.0,314.6,1.3453624047073558
213,197.60376304381063,180.0,315.5,181.0,314.6,1.3453624047073558
214,208.6668873157866,181.0,314.6,182.0,313.7,1.3453624047073938
215,208.6668873157866,181.0,314.6,182.0,313.7,1.3453624047073938
216,208.6668873157866,181.0,314.6,183.0,312.8,2.69072480941475
217,208.6668873157866,181.0,314.6,183.0,312.8,2.69072480941475
218,234.9619909234131,183.0,312.8,184.0,311.9,1.3453624047073938
219,234.9619909234131,183.0,312.8,184.0,311.9,1.3453624047073938
220,250.7502386861303,184.0,311.9,185.0,311.0,1.3453624047073558
221,250.7502386861303,184.0,311.9,185.0,311.0,1.3453624047073558
222,250.7502386861303,184.0,311.9,186.0,310.1,2.6907248094147116
223,250.7502386861303,184.0,311.9,186.0,310.1,2.6907248094147116
224,289.6373635352051,186.0,310.1,187.0,309.2,1.3453624047073938
225,289.6373635352051,186.0,310.1,187.0,309.2,1.3453624047073938
226,313.95046604034536,187.0,309.2,188.0,308.3,1.3453624047073558
227,313.95046604034536,187.0,309.2,188.0,308.3,1.3453624047073558
228,342.6828525235625,188.0,308.3,189.0,307.4,1.3453624047073938
229,342.6828525235625,188.0,308.3,189.0,307.4,1.3453624047073938
230,342.6828525235625,188.0,308.3,190.0,306.5,2.69072480941475
231,342.6828525235625,188.0,308.3,190.0,306.5,2.69072480941475
232,400.0,190.0,306.5,191.0,305.6,1.3453624047073558
233,400.0,190.0,306.5,191.0,305.6,1.3453624047073558
234,400.0,191.0,305.6,192.0,304.7,1.3453624047073938
235,400.0,191.0,305.6,192.0,304.7,1.3453624047073938
236,400.0,192.0,304.7,193.0,303.8,1.3453624047073558
237,400.0,192.0,304.7,193.0,303.8,1.3453624047073558
238,400.0,193.0,303.8,194.0,302.9,1.3453624047073938
239,400.0,193.0,303.8,194.0,302.9,1.3453624047073938
240,400.0,194.0,302.9,195.0,302.0,1.3453624047073558
241,400.0,194.0,302.9,195.0,302.0,1.3453624047073558
242,400.0,195.0,302.0,196.0,301.1,1.3453624047073558
243,400.0,195.0,302.0,196.0,301.1,1.3453624047073558
244,400.0,195.0,302.0,197.0,300.2,2.69072480941475
245,400.0,195.0,302.0,197.0,300.2,2.69072480941475
246,400.0,195.0,302.0,198.0,299.3,4.036087214122105
247,400.0,195.0,302.0,198.0,299.3,4.036087214122105
248,400.0,195.0,302.0,199.0,298.4,5.3814496188295
249,400.0,195.0,302.0,199.0,298.4,5.3814496188295
250,400.0,199.0,298.4,200.0,297.5,1.3453624047073558
251,400.0,199.0,298.4,200.0,297.5,1.3453624047073558
252,400.0,199.0,298.4,201.0,296.6,2.6907248094147116
253,400.0,199.0,298.4,201.0,296.6,2.6907248094147116
254,400.0,199.0,298.4,202.0,295.7,4.036087214122105
255,400.0,199.0,298.4,202.0,295.7,4.036087214122105
256,400.0,202.0,295.7,203.0,294.8,1.3453624047073558
257,400.0,202.0,295.7,203.0,294.8,1.3453624047073558
258,400.0,203.0,294.8,204.0,293.9,1.3453624047073938
259,400.0,203.0,294.8,204.0,293.9,1.3453624047073938
260,400.0,204.0,293.9,205.0,293.0,1.3453624047073558
261,400.0,204.0,293.9,205.0,293.0,1.3453624047073558
262,400.0,205.0,293.0,206.0,292.1,1.3453624047073558
263,400.0,205.0,293.0,206.0,292.1,1.3453624047073558
264,400.0,206.0,292.1,207.0,291.2,1.3453624047073938
265,400.0,206.0,292.1,207.0,291.2,1.3453624047073938
266,400.0,207.0,291.2,208.0,290.3,1.3453624047073558
267,400.0,207.0,291.2,208.0,290.3,1.3453624047073558
268,400.0,207.0,291.2,209.0,289.4,2.69072480941475
269,400.0,207.0,291.2,209.0,289.4,2.69072480941475
270,359.57267885331765,209.0,289.4,210.0,288.5,1.3453624047073558
271,359.57267885331765,209.0,289.4,210.0,288.5,1.3453624047073558
272,328.0893574624053,210.0,288.5,211.0,287.6,1.3453624047073558
273,328.0893574624053,210.0,288.5,211.0,287.6,1.3453624047073558
274,328.0893574624053,210.0,288.5,212.0,286.7,2.69072480941475
275,328.0893574624053,210.0,288.5,212.0,286.7,2.69072480941475
276,279.1206145951612,212.0,286.7,213.0,285.8,1.3453624047073558
277,279.1206145951612,212.0,286.7,213.0,285.8,1.3453624047073558
278,259.7131027651468,213.0,285.8,214.0,284.9,1.3453624047073938
279,259.7131027651468,213.0,285.8,214.0,284.9,1.3453624047073938
280,259.7131027651468,213.0,285.8,215.0,284.0,2.69072480941475
281,259.7131027651468,213.0,285.8,215.0,284.0,2.69072480941475
282,227.98037629378305,215.0,284.0,216.0,283.1,1.3453624047073558
283,227.98037629378305,215.0,284.0,216.0,283.1,1.3453624047073558
284,214.8457005885702,216.0,283.1,217.0,282.2,1.3453624047073938
285,214.8457005885702,216.0,283.1,217.0,282.2,1.3453624047073938
286,203.13793458498176,217.0,282.2,218.0,281.3,1.3453624047073558
287,203.13793458498176,217.0,282.2,218.0,281.3,1.3453624047073558
288,192.63710985698236,218.0,281.3,219.0,280.4,1.3453624047073938
289,192.63710985698236,218.0,281.3,219.0,280.4,1.3453624047073938
290,183.16615856852243,219.0,280.4,220.0,279.5,1.3453624047073558
291,183.16615856852243,219.0,280.4,220.0,279.5,1.3453624047073558
292,174.58096301883612,220.0,279.5,221.0,278.6,1.3453624047073558
293,174.58096301883612,220.0,279.5,221.0,278.6,1.3453624047073558
294,166.76304650020415,221.0,278.6,222.0,277.7,1.3453624047073938
295,166.76304650020415,221.0,278.6,222.0,277.7,1.3453624047073938
296,159.61412364518083,222.0,277.7,223.0,276.8,1.3453624047073558
297,159.61412364518083,222.0,277.7,223.0,276.8,1.3453624047073558
298,153.05198172958654,223.0,276.8,224.0,275.9,1.3453624047073938
299,153.05198172958654,223.0,276.8,224.0,275.9,1.3453624047073938
300,147.0073291154886,224.0,275.9,225.0,275.0,1.3453624047073558
301,147.0073291154886,224.0,275.9,225.0,275.0,1.3453624047073558
302,141.4213562373095,225.0,275.0,225.0,275.0,0.0
303,141.4213562373095,225.0,275.0,225.0,275.0,0.0
304,141.4213562373095,225.0,275.0,225.0,275.0,0.0
305,141.4213562373095,225.0,275.0,225.0,275.0,0.0
306,141.4213562373095,225.0,275.0,225.0,275.0,0.0
307,200.0,225.0,275.0,225.0,275.0,0.0
308,200.0,225.0,275.0,225.0,275.0,0.0
309,200.0,225.0,275.0,225.0,275.0,0.0
310,200.0,225.0,275.0,225.0,275.0,0.0
311,200.0,225.0,275.0,225.0,275.0,0.0
312,200.0,225.0,275.0,225.0,275.0,0.0
313,200.0,225.0,275.0,225.0,275.0,0.0
314,200.0,225.0,275.0,225.0,275.0,0.0
315,200.0,225.0,275.0,225.0,275.0,0.0
316,200.0,225.0,275.0,225.0,275.0,0.0
317,200.0,225.0,275.0,225.0,275.0,0.0
318,200.0,225.0,275.0,225.0,275.0,0.0
319,200.0,225.0,275.0,225.0,275.0,0.0
320,200.0,225.0,275.0,225.0,275.0,0.0
321,200.0,225.0,275.0,225.0,275.0,0.0
322,200.0,225.0,275.0,225.0,275.0,0.0
323,200.0,225.0,275.0,225.0,275.0,0.0
324,200.0,225.0,275.0,225.0,275.0,0.0
325,200.0,225.0,275.0,225.0,275.0,0.0
326,200.0,225.0,275.0,225.0,275.0,0.0
327,200.0,225.0,275.0,225.0,275.0,0.0
328,200.0,225.0,275.0,225.0,275.0,0.0
329,200.0,225.0,275.0,225.0,275.0,0.0
330,200.0,225.0,275.0,225.0,275.0,0.0
331,200.0,225.0,275.0,225.0,275.0,0.0
332,141.4213562373095,225.0,275.0,225.0,275.0,0.0
333,141.4213562373095,225.0,275.0,225.0,275.0,0.0
334,141.4213562373095,225.0,275.0,225.0,275.0,0.0
335,141.4213562373095,225.0,275.0,225.0,275.0,0.0
336,141.4213562373095,225.0,275.0,225.0,275.0,0.0
337,141.4213562373095,225.0,275.0,225.0,275.0,0.0
338,141.4213562373095,225.0,275.0,225.0,275.0,0.0
339,141.4213562373095,225.0,275.0,225.0,275.0,0.0
340,141.4213562373095,225.0,275.0,225.0,275.0,0.0
341,141.4213562373095,225.0,275.0,225.0,275.0,0.0
342,141.4213562373095,225.0,275.0,225.0,275.0,0.0
343,141.4213562373095,225.0,275.0,225.0,275.0,0.0
344,141.4213562373095,225.0,275.0,225.0,275.0,0.0
345,141.4213562373095,225.0,275.0,225.0,275.0,0.0
346,141.4213562373095,225.0,275.0,225.0,275.0,0.0
347,141.4213562373095,225.0,275.0,225.0,275.0,0.0
348,141.4213562373095,225.0,275.0,225.0,275.0,0.0
349,141.4213562373095,225.0,275.0,225.0,275.0,0.0
350,141.4213562373095,225.0,275.0,225.0,275.0,0.0
351,141.4213562373095,225.0,275.0,225.0,275.0,0.0
352,141.4213562373095,225.0,275.0,225.0,275.0,0.0
353,141.4213562373095,225.0,275.0,225.0,275.0,0.0
354,141.4213562373095,225.0,275.0,225.0,275.0,0.0
355,141.4213562373095,225.0,275.0,225.0,275.0,0.0
356,141.4213562373095,225.0,275.0,225.0,275.0,0.0
357,141.4213562373095,225.0,275.0,225.0,275.0,0.0
358,141.4213562373095,225.0,275.0,225.0,275.0,0.0
359,141.4213562373095,225.0,275.0,225.0,275.0,0.0
360,141.4213562373095,225.0,275.0,225.0,275.0,0.0
361,141.4213562373095,225.0,275.0,225.0,275.0,0.0
362,141.4213562373095,225.0,275.0,225.0,275.0,0.0
363,141.4213562373095,225.0,275.0,225.0,275.0,0.0
364,141.4213562373095,225.0,275.0,225.0,275.0,0.0
365,141.4213562373095,225.0,275.0,225.0,275.0,0.0
366,141.4213562373095,225.0,275.0,225.0,275.0,0.0
367,141.4213562373095,225.0,275.0,225.0,275.0,0.0
368,141.4213562373095,225.0,275.0,225.0,275.0,0.0
369,141.4213562373095,225.0,275.0,225.0,275.0,0.0
370,141.4213562373095,225.0,275.0,225.0,275.0,0.0
371,141.4213562373095,225.0,275.0,225.0,275.0,0.0
372,141.4213562373095,225.0,275.0,225.0,275.0,0.0
373,141.4213562373095,225.0,275.0,225.0,275.0,0.0
374,141.4213562373095,225.0,275.0,225.0,275.0,0.0
375,141.4213562373095,225.0,275.0,225.0,275.0,0.0
376,141.4213562373095,225.0,275.0,225.0,275.0,0.0
377,141.4213562373095,225.0,275.0,225.0,275.0,0.0
378,141.4213562373095,225.0,275.0,225.0,275.0,0.0
379,141.4213562373095,225.0,275.0,225.0,275.0,0.0
380,141.4213562373095,225.0,275.0,225.0,275.0,0.0
381,141.4213562373095,225.0,275.0,225.0,275.0,0.0
382,141.4213562373095,225.0,275.0,225.0,275.0,0.0
383,141.4213562373095,225.0,275.0,225.0,275.0,0.0
384,141.4213562373095,225.0,275.0,225.0,275.0,0.0
385,141.4213562373095,225.0,275.0,225.0,275.0,0.0
386,141.4213562373095,225.0,275.0,225.0,275.0,0.0
387,141.4213562373095,225.0,275.0,225.0,275.0,0.0
388,141.4213562373095,225.0,275.0,225.0,275.0,0.0
389,141.4213562373095,225.0,275.0,225.0,275.0,0.0
390,141.4213562373095,225.0,275.0,225.0,275.0,0.0
391,141.4213562373095,225.0,275.0,225.0,275.0,0.0
392,141.4213562373095,225.0,275.0,225.0,275.0,0.0
393,141.4213562373095,225.0,275.0,225.0,275.0,0.0
394,141.4213562373095,225.0,275.0,225.0,275.0,0.0
395,141.4213562373095,225.0,275.0,225.0,275.0,0.0
396,141.4213562373095,225.0,275.0,225.0,275.0,0.0
397,141.4213562373095,225.0,275.0,225.0,275.0,0.0
398,141.4213562373095,225.0,275.0,225.0,275.0,0.0
399,141.4213562373095,225.0,275.0,225.0,275.0,0.0
400,141.4213562373095,225.0,275.0,225.0,275.0,0.0
401,141.4213562373095,225.0,275.0,225.0,275.0,0.0
402,141.4213562373095,225.0,275.0,226.0,275.5,1.118033988749895
403,141.4213562373095,225.0,275.0,226.0,275.5,1.118033988749895
404,141.4213562373095,225.0,275.0,227.0,276.0,2.23606797749979
405,217.18612138153472,227.0,276.0,227.0,276.0,0.0
406,217.18612138153472,227.0,276.0,228.0,276.5,1.118033988749895
407,217.18612138153472,227.0,276.0,228.0,276.5,1.118033988749895
408,217.18612138153472,227.0,276.0,229.0,277.0,2.23606797749979
409,217.18612138153472,227.0,276.0,229.0,277.0,2.23606797749979
410,217.18612138153472,227.0,276.0,230.0,277.5,3.3541019662496847
411,217.18612138153472,227.0,276.0,230.0,277.5,3.3541019662496847
412,217.18612138153472,227.0,276.0,231.0,278.0,4.47213595499958
413,217.18612138153472,227.0,276.0,231.0,278.0,4.47213595499958
414,217.18612138153472,227.0,276.0,232.0,278.5,5.5901699437494745
415,217.18612138153472,227.0,276.0,232.0,278.5,5.5901699437494745
416,217.18612138153472,227.0,276.0,233.0,279.0,6.708203932499369
417,217.18612138153472,227.0,276.0,233.0,279.0,6.708203932499369
418,217.18612138153472,227.0,276.0,234.0,279.5,7.826237921249264
419,217.18612138153472,227.0,276.0,234.0,279.5,7.826237921249264
420,217.18612138153472,227.0,276.0,235.0,280.0,8.94427190999916
421,217.18612138153472,227.0,276.0,235.0,280.0,8.94427190999916
422,217.18612138153472,227.0,276.0,236.0,280.5,10.062305898749054
423,217.18612138153472,227.0,276.0,236.0,280.5,10.062305898749054
424,217.18612138153472,227.0,276.0,237.0,281.0,11.180339887498949
425,349.2151478847891,237.0,281.0,237.0,281.0,0.0
426,349.2151478847891,237.0,281.0,238.0,281.5,1.118033988749895
427,349.2151478847891,237.0,281.0,238.0,281.5,1.118033988749895
428,349.2151478847891,237.0,281.0,239.0,282.0,2.23606797749979
429,383.4824944236852,239.0,282.0,239.0,282.0,0.0
430,383.4824944236852,239.0,282.0,240.0,282.5,1.118033988749895
431,400.0,240.0,282.5,240.0,282.5,0.0
432,400.0,240.0,282.5,241.0,283.0,1.118033988749895
433,400.0,241.0,283.0,241.0,283.0,0.0
434,400.0,241.0,283.0,242.0,283.5,1.118033988749895
435,400.0,241.0,283.0,242.0,283.5,1.118033988749895
436,400.0,241.0,283.0,243.0,284.0,2.23606797749979
437,400.0,243.0,284.0,243.0,284.0,0.0
438,400.0,243.0,284.0,244.0,284.5,1.118033988749895
439,400.0,243.0,284.0,244.0,284.5,1.118033988749895
440,400.0,243.0,284.0,245.0,285.0,2.23606797749979
441,400.0,245.0,285.0,245.0,285.0,0.0
442,400.0,245.0,285.0,246.0,285.5,1.118033988749895
443,400.0,246.0,285.5,246.0,285.5,0.0
444,400.0,246.0,285.5,247.0,286.0,1.118033988749895
445,400.0,247.0,286.0,247.0,286.0,0.0
446,400.0,247.0,286.0,248.0,286.5,1.118033988749895
447,400.0,248.0,286.5,248.0,286.5,0.0
448,400.0,248.0,286.5,249.0,287.0,1.118033988749895
449,400.0,249.0,287.0,249.0,287.0,0.0
450,400.0,249.0,287.0,250.0,287.5,1.118033988749895
451,400.0,250.0,287.5,250.0,287.5,0.0
452,400.0,250.0,287.5,251.0,288.0,1.118033988749895
453,383.4824944236852,251.0,288.0,251.0,288.0,0.0
454,383.4824944236852,251.0,288.0,252.0,288.5,1.118033988749895
455,366.3716527236558,252.0,288.5,252.0,288.5,0.0
456,366.3716527236558,252.0,288.5,253.0,289.0,1.118033988749895
457,349.2151478847891,253.0,289.0,253.0,289.0,0.0
458,349.2151478847891,253.0,289.0,254.0,289.5,1.118033988749895
459,332.4112476572668,254.0,289.5,254.0,289.5,0.0
460,332.4112476572668,254.0,289.5,255.0,290.0,1.118033988749895
461,316.22776601683796,255.0,290.0,255.0,290.0,0.0
462,316.22776601683796,255.0,290.0,256.0,290.5,1.118033988749895
463,300.8284187980934,256.0,290.5,256.0,290.5,0.0
464,300.8284187980934,256.0,290.5,257.0,291.0,1.118033988749895
465,286.2991671569341,257.0,291.0,257.0,291.0,0.0
466,286.2991671569341,257.0,291.0,258.0,291.5,1.118033988749895
467,272.67094157460593,258.0,291.5,258.0,291.5,0.0
468,272.67094157460593,258.0,291.5,259.0,292.0,1.118033988749895
469,259.9376224550182,259.0,292.0,259.0,292.0,0.0
470,259.9376224550182,259.0,292.0,260.0,292.5,1.118033988749895
471,248.0694691784169,260.0,292.5,260.0,292.5,0.0
472,248.0694691784169,260.0,292.5,261.0,293.0,1.118033988749895
473,237.0227315699886,261.0,293.0,261.0,293.0,0.0
474,237.0227315699886,261.0,293.0,262.0,293.5,1.118033988749895
475,226.7462937912591,262.0,293.5,262.0,293.5,0.0
476,226.7462937912591,262.0,293.5,263.0,294.0,1.118033988749895
477,217.18612138153472,263.0,294.0,263.0,294.0,0.0
478,217.18612138153472,263.0,294.0,264.0,294.5,1.118033988749895
479,208.2881368183567,264.0,294.5,264.0,294.5,0.0
480,208.2881368183567,264.0,294.5,265.0,295.0,1.118033988749895
481,200.0,265.0,295.0,265.0,295.0,0.0
482,200.0,265.0,295.0,266.0,295.5,1.118033988749895
483,192.27214231343206,266.0,295.5,266.0,295.5,0.0
484,192.27214231343206,266.0,295.5,267.0,296.0,1.118033988749895
485,192.27214231343206,266.0,295.5,267.0,296.0,1.118033988749895
486,192.27214231343206,266.0,295.5,268.0,296.5,2.23606797749979
487,178.315737905373,268.0,296.5,268.0,296.5,0.0
488,178.315737905373,268.0,296.5,269.0,297.0,1.118033988749895
489,172.00522903844535,269.0,297.0,269.0,297.0,0.0
490,172.00522903844535,269.0,297.0,270.0,297.5,1.118033988749895
491,166.09095970747995,270.0,297.5,270.0,297.5,0.0
492,166.09095970747995,270.0,297.5,271.0,298.0,1.118033988749895
493,160.5403247669839,271.0,298.0,271.0,298.0,0.0
494,160.5403247669839,271.0,298.0,272.0,298.5,1.118033988749895
495,155.32370183662118,272.0,298.5,272.0,298.5,0.0
496,155.32370183662118,272.0,298.5,273.0,299.0,1.118033988749895
497,150.4142093990467,273.0,299.0,273.0,299.0,0.0
498,150.4142093990467,273.0,299.0,274.0,299.5,1.118033988749895
499,145.78746558675894,274.0,299.5,274.0,299.5,0.0
500,145.78746558675894,274.0,299.5,275.0,300.0,1.118033988749895
501,141.4213562373095,275.0,300.0,275.0,300.0,0.0
502,141.4213562373095,275.0,300.0,275.0,300.0,0.0
503,141.4213562373095,275.0,300.0,275.0,300.0,0.0
504,141.4213562373095,275.0,300.0,275.0,300.0,0.0
505,141.4213562373095,275.0,300.0,275.0,300.0,0.0
506,141.4213562373095,275.0,300.0,275.0,300.0,0.0
507,141.4213562373095,275.0,300.0,275.0,300.0,0.0
508,141.4213562373095,275.0,300.0,275.0,300.0,0.0
509,141.4213562373095,275.0,300.0,275.0,300.0,0.0
510,141.4213562373095,275.0,300.0,275.0,300.0,0.0
511,141.4213562373095,275.0,300.0,275.0,300.0,0.0
512,141.4213562373095,275.0,300.0,275.0,300.0,0.0
513,141.4213562373095,275.0,300.0,275.0,300.0,0.0
514,141.4213562373095,275.0,300.0,275.0,300.0,0.0
515,141.4213562373095,275.0,300.0,275.0,300.0,0.0
516,141.4213562373095,275.0,300.0,275.0,300.0,0.0
517,141.4213562373095,275.0,300.0,275.0,300.0,0.0
518,141.4213562373095,275.0,300.0,275.0,300.0,0.0
519,141.4213562373095,275.0,300.0,275.0,300.0,0.0
520,141.4213562373095,275.0,300.0,275.0,300.0,0.0
521,141.4213562373095,275.0,300.0,275.0,300.0,0.0
522,141.4213562373095,275.0,300.0,275.0,300.0,0.0
523,141.4213562373095,275.0,300.0,275.0,300.0,0.0
524,200.0,275.0,300.0,275.0,300.0,0.0
525,200.0,275.0,300.0,275.0,300.0,0.0
526,200.0,275.0,300.0,275.0,300.0,0.0
527,200.0,275.0,300.0,275.0,300.0,0.0
528,200.0,275.0,300.0,275.0,300.0,0.0
529,141.4213562373095,275.0,300.0,275.0,300.0,0.0
530,141.4213562373095,275.0,300.0,275.0,300.0,0.0
531,141.4213562373095,275.0,300.0,275.0,300.0,0.0
532,141.4213562373095,275.0,300.0,275.0,300.0,0.0
533,141.4213562373095,275.0,300.0,275.0,300.0,0.0
534,141.4213562373095,275.0,300.0,275.0,300.0,0.0
535,141.4213562373095,275.0,300.0,275.0,300.0,0.0
536,141.4213562373095,275.0,300.0,275.0,300.0,0.0
537,141.4213562373095,275.0,300.0,275.0,300.0,0.0
538,141.4213562373095,275.0,300.0,275.0,300.0,0.0
539,141.4213562373095,275.0,300.0,275.0,300.0,0.0
540,141.4213562373095,275.0,300.0,275.0,300.0,0.0
541,141.4213562373095,275.0,300.0,275.0,300.0,0.0
542,141.4213562373095,275.0,300.0,275.0,300.0,0.0
543,141.4213562373095,275.0,300.0,275.0,300.0,0.0
544,141.4213562373095,275.0,300.0,275.0,300.0,0.0
545,141.4213562373095,275.0,300.0,275.0,300.0,0.0
546,141.4213562373095,275.0,300.0,275.0,300.0,0.0
547,141.4213562373095,275.0,300.0,275.0,300.0,0.0
548,141.4213562373095,275.0,300.0,275.0,300.0,0.0
549,141.4213562373095,275.0,300.0,275.0,300.0,0.0
550,141.4213562373095,275.0,300.0,275.0,300.0,0.0
551,141.4213562373095,275.0,300.0,275.0,300.0,0.0
552,141.4213562373095,275.0,300.0,275.0,300.0,0.0
553,141.4213562373095,275.0,300.0,275.0,300.0,0.0
554,141.4213562373095,275.0,300.0,275.0,300.0,0.0
555,141.4213562373095,275.0,300.0,275.0,300.0,0.0
556,141.4213562373095,275.0,300.0,275.0,300.0,0.0
557,141.4213562373095,275.0,300.0,275.0,300.0,0.0
558,141.4213562373095,275.0,300.0,275.0,300.0,0.0
559,141.4213562373095,275.0,300.0,275.0,300.0,0.0
560,141.4213562373095,275.0,300.0,275.0,300.0,0.0
561,141.4213562373095,275.0,300.0,275.0,300.0,0.0
562,141.4213562373095,275.0,300.0,275.0,300.0,0.0
563,141.4213562373095,275.0,300.0,275.0,300.0,0.0
564,141.4213562373095,275.0,300.0,275.0,300.0,0.0
565,141.4213562373095,275.0,300.0,275.0,300.0,0.0
566,141.4213562373095,275.0,300.0,275.0,300.0,0.0
567,141.4213562373095,275.0,300.0,275.0,300.0,0.0
568,141.4213562373095,275.0,300.0,275.0,300.0,0.0
569,141.4213562373095,275.0,300.0,275.0,300.0,0.0
570,141.4213562373095,275.0,300.0,275.0,300.0,0.0
571,141.4213562373095,275.0,300.0,275.0,300.0,0.0
572,141.4213562373095,275.0,300.0,275.0,300.0,0.0
573,141.4213562373095,275.0,300.0,275.0,300.0,0.0
574,141.4213562373095,275.0,300.0,275.0,300.0,0.0
575,141.4213562373095,275.0,300.0,275.0,300.0,0.0
576,141.4213562373095,275.0,300.0,275.0,300.0,0.0
577,141.4213562373095,275.0,300.0,275.0,300.0,0.0
578,141.4213562373095,275.0,300.0,275.0,300.0,0.0
579,141.4213562373095,275.0,300.0,275.0,300.0,0.0
580,141.4213562373095,275.0,300.0,275.0,300.0,0.0
581,141.4213562373095,275.0,300.0,275.0,300.0,0.0
582,141.4213562373095,275.0,300.0,275.0,300.0,0.0
583,141.4213562373095,275.0,300.0,275.0,300.0,0.0
584,141.4213562373095,275.0,300.0,275.0,300.0,0.0
585,141.4213562373095,275.0,300.0,275.0,300.0,0.0
586,141.4213562373095,275.0,300.0,275.0,300.0,0.0
587,141.4213562373095,275.0,300.0,275.0,300.0,0.0
588,141.4213562373095,275.0,300.0,275.0,300.0,0.0
589,141.4213562373095,275.0,300.0,275.0,300.0,0.0
590,141.4213562373095,275.0,300.0,275.0,300.0,0.0
591,141.4213562373095,275.0,300.0,275.0,300.0,0.0
592,141.4213562373095,275.0,300.0,275.0,300.0,0.0
593,141.4213562373095,275.0,300.0,275.0,300.0,0.0
594,141.4213562373095,275.0,300.0,275.0,300.0,0.0
595,141.4213562373095,275.0,300.0,275.0,300.0,0.0
596,141.4213562373095,275.0,300.0,275.0,300.0,0.0
597,141.4213562373095,275.0,300.0,275.0,300.0,0.0
598,141.4213562373095,275.0,300.0,275.0,300.0,0.0
599,141.4213562373095,275.0,300.0,275.0,300.0,0.0
600,141.4213562373095,275.0,300.0,275.0,300.0,0.0
601,141.4213562373095,275.0,300.0,275.0,300.0,0.0
602,141.4213562373095,275.0,300.0,275.5,300.1,0.509901951359283
603,141.4213562373095,275.0,300.0,275.5,300.1,0.509901951359283
604,141.4213562373095,275.0,300.0,276.0,300.2,1.0198039027185546
605,138.08993754739257,276.0,300.2,276.0,300.2,0.0
606,138.08993754739257,276.0,300.2,276.5,300.3,0.509901951359283
607,136.47048608552058,276.5,300.3,276.5,300.3,0.0
608,136.47048608552058,276.5,300.3,277.0,300.4,0.5099019513592717
609,134.88117885612303,277.0,300.4,277.0,300.4,0.0
610,134.88117885612303,277.0,300.4,277.5,300.5,0.509901951359283
611,134.88117885612303,277.0,300.4,277.5,300.5,0.509901951359283
612,134.88117885612303,277.0,300.4,278.0,300.6,1.019803902718566
613,134.88117885612303,277.0,300.4,278.0,300.6,1.019803902718566
614,134.88117885612303,277.0,300.4,278.5,300.7,1.5297058540778377
615,134.88117885612303,277.0,300.4,278.5,300.7,1.5297058540778377
616,134.88117885612303,277.0,300.4,279.0,300.8,2.0396078054371207
617,134.88117885612303,277.0,300.4,279.0,300.8,2.0396078054371207
618,134.88117885612303,277.0,300.4,279.5,300.9,2.5495097567963922
619,134.88117885612303,277.0,300.4,279.5,300.9,2.5495097567963922
620,134.88117885612303,277.0,300.4,280.0,301.0,3.0594117081556753
621,134.88117885612303,277.0,300.4,280.0,301.0,3.0594117081556753
622,134.88117885612303,277.0,300.4,280.5,301.1,3.5693136595149584
623,134.88117885612303,277.0,300.4,280.5,301.1,3.5693136595149584
624,134.88117885612303,277.0,300.4,281.0,301.2,4.07921561087423
625,134.88117885612303,277.0,300.4,281.0,301.2,4.07921561087423
626,134.88117885612303,277.0,300.4,281.5,301.3,4.589117562233513
627,134.88117885612303,277.0,300.4,281.5,301.3,4.589117562233513
628,134.88117885612303,277.0,300.4,282.0,301.4,5.0990195135927845
629,134.88117885612303,277.0,300.4,282.0,301.4,5.0990195135927845
630,134.88117885612303,277.0,300.4,282.5,301.5,5.608921464952068
631,134.88117885612303,277.0,300.4,282.5,301.5,5.608921464952068
632,134.88117885612303,277.0,300.4,283.0,301.6,6.118823416311351
633,134.88117885612303,277.0,300.4,283.0,301.6,6.118823416311351
634,134.88117885612303,277.0,300.4,283.5,301.7,6.628725367670622
635,134.88117885612303,277.0,300.4,283.5,301.7,6.628725367670622
636,134.88117885612303,277.0,300.4,284.0,301.8,7.138627319029905
637,134.88117885612303,277.0,300.4,284.0,301.8,7.138627319029905
638,134.88117885612303,277.0,300.4,284.5,301.9,7.648529270389178
639,134.88117885612303,277.0,300.4,284.5,301.9,7.648529270389178
640,134.88117885612303,277.0,300.4,285.0,302.0,8.15843122174846
641,134.88117885612303,277.0,300.4,285.0,302.0,8.15843122174846
642,134.88117885612303,277.0,300.4,285.5,302.1,8.668333173107744
643,134.88117885612303,277.0,300.4,285.5,302.1,8.668333173107744
644,134.88117885612303,277.0,300.4,286.0,302.2,9.178235124467015
645,134.88117885612303,277.0,300.4,286.0,302.2,9.178235124467015
646,134.88117885612303,277.0,300.4,286.5,302.3,9.688137075826297
647,134.88117885612303,277.0,300.4,286.5,302.3,9.688137075826297
648,134.88117885612303,277.0,300.4,287.0,302.4,10.198039027185569
649,134.88117885612303,277.0,300.4,287.0,302.4,10.198039027185569
650,134.88117885612303,277.0,300.4,287.5,302.5,10.707940978544853
651,134.88117885612303,277.0,300.4,287.5,302.5,10.707940978544853
652,134.88117885612303,277.0,300.4,288.0,302.6,11.217842929904135
653,134.88117885612303,277.0,300.4,288.0,302.6,11.217842929904135
654,134.88117885612303,277.0,300.4,288.5,302.7,11.727744881263407
655,134.88117885612303,277.0,300.4,288.5,302.7,11.727744881263407
656,134.88117885612303,277.0,300.4,289.0,302.8,12.23764683262269
657,134.88117885612303,277.0,300.4,289.0,302.8,12.23764683262269
658,134.88117885612303,277.0,300.4,289.5,302.9,12.747548783981962
659,134.88117885612303,277.0,300.4,289.5,302.9,12.747548783981962
660,134.88117885612303,277.0,300.4,290.0,303.0,13.257450735341244
661,134.88117885612303,277.0,300.4,290.0,303.0,13.257450735341244
662,134.88117885612303,277.0,300.4,290.5,303.1,13.767352686700528
663,134.88117885612303,277.0,300.4,290.5,303.1,13.767352686700528
664,134.88117885612303,277.0,300.4,291.0,303.2,14.2772546380598
665,134.88117885612303,277.0,300.4,291.0,303.2,14.2772546380598
666,134.88117885612303,277.0,300.4,291.5,303.3,14.787156589419082
667,134.88117885612303,277.0,300.4,291.5,303.3,14.787156589419082
668,134.88117885612303,277.0,300.4,292.0,303.4,15.297058540778355
669,134.88117885612303,277.0,300.4,292.0,303.4,15.297058540778355
670,134.88117885612303,277.0,300.4,292.5,303.5,15.806960492137637
671,134.88117885612303,277.0,300.4,292.5,303.5,15.806960492137637
672,400.0,292.5,303.5,293.0,303.6,0.509901951359283
673,400.0,292.5,303.5,293.0,303.6,0.509901951359283
674,400.0,293.0,303.6,293.5,303.7,0.5099019513592717
675,400.0,293.0,303.6,293.5,303.7,0.5099019513592717
676,400.0,293.0,303.6,294.0,303.8,1.0198039027185546
677,400.0,293.0,303.6,294.0,303.8,1.0198039027185546
678,400.0,294.0,303.8,294.5,303.9,0.5099019513592717
679,400.0,294.0,303.8,294.5,303.9,0.5099019513592717
680,400.0,294.5,303.9,295.0,304.0,0.509901951359283
681,400.0,294.5,303.9,295.0,304.0,0.509901951359283
682,400.0,295.0,304.0,295.5,304.1,0.509901951359283
683,400.0,295.0,304.0,295.5,304.1,0.509901951359283
684,400.0,295.5,304.1,296.0,304.2,0.5099019513592717
685,400.0,295.5,304.1,296.0,304.2,0.5099019513592717
686,400.0,296.0,304.2,296.5,304.3,0.509901951359283
687,400.0,296.0,304.2,296.5,304.3,0.509901951359283
688,400.0,296.5,304.3,297.0,304.4,0.5099019513592717
689,400.0,296.5,304.3,297.0,304.4,0.5099019513592717
690,400.0,297.0,304.4,297.5,304.5,0.509901951359283
691,400.0,297.0,304.4,297.5,304.5,0.509901951359283
692,400.0,297.0,304.4,298.0,304.6,1.019803902718566
693,400.0,297.0,304.4,298.0,304.6,1.019803902718566
694,400.0,297.0,304.4,298.5,304.7,1.5297058540778377
695,400.0,297.0,304.4,298.5,304.7,1.5297058540778377
696,400.0,297.0,304.4,299.0,304.8,2.0396078054371207
697,400.0,297.0,304.4,299.0,304.8,2.0396078054371207
698,400.0,299.0,304.8,299.5,304.9,0.5099019513592717
699,400.0,299.0,304.8,299.5,304.9,0.5099019513592717
700,400.0,299.0,304.8,300.0,305.0,1.0198039027185546
701,400.0,299.0,304.8,300.0,305.0,1.0198039027185546
702,400.0,300.0,305.0,300.0,305.0,0.0
703,400.0,300.0,305.0,300.0,305.0,0.0
704,400.0,300.0,305.0,300.0,305.0,0.0
705,400.0,300.0,305.0,300.0,305.0,0.0
706,400.0,300.0,305.0,300.0,305.0,0.0
707,400.0,300.0,305.0,300.0,305.0,0.0
708,400.0,300.0,305.0,300.0,305.0,0.0
709,400.0,300.0,305.0,300.0,305.0,0.0
710,400.0,300.0,305.0,300.0,305.0,0.0
711,400.0,300.0,305.0,300.0,305.0,0.0
712,400.0,300.0,305.0,300.0,305.0,0.0
713,400.0,300.0,305.0,300.0,305.0,0.0
714,400.0,300.0,305.0,300.0,305.0,0.0
715,400.0,300.0,305.0,300.0,305.0,0.0
716,400.0,300.0,305.0,300.0,305.0,0.0
717,400.0,300.0,305.0,300.0,305.0,0.0
718,400.0,300.0,305.0,300.0,305.0,0.0
719,400.0,300.0,305.0,300.0,305.0,0.0
720,400.0,300.0,305.0,300.0,305.0,0.0
721,400.0,300.0,305.0,300.0,305.0,0.0
722,400.0,300.0,305.0,300.0,305.0,0.0
723,400.0,300.0,305.0,300.0,305.0,0.0
724,400.0,300.0,305.0,300.0,305.0,0.0
725,400.0,300.0,305.0,300.0,305.0,0.0
726,400.0,300.0,305.0,300.0,305.0,0.0
727,400.0,300.0,305.0,300.0,305.0,0.0
728,400.0,300.0,305.0,300.0,305.0,0.0
729,400.0,300.0,305.0,300.0,305.0,0.0
730,400.0,300.0,305.0,300.0,305.0,0.0
731,400.0,300.0,305.0,300.0,305.0,0.0
732,400.0,300.0,305.0,300.0,305.0,0.0
733,400.0,300.0,305.0,300.0,305.0,0.0
734,400.0,300.0,305.0,300.0,305.0,0.0
735,400.0,300.0,305.0,300.0,305.0,0.0
736,400.0,300.0,305.0,300.0,305.0,0.0
737,400.0,300.0,305.0,300.0,305.0,0.0
738,400.0,300.0,305.0,300.0,305.0,0.0
739,400.0,300.0,305.0,300.0,305.0,0.0
740,400.0,300.0,305.0,300.0,305.0,0.0
741,400.0,300.0,305.0,300.0,305.0,0.0
742,400.0,300.0,305.0,300.0,305.0,0.0
743,400.0,300.0,305.0,300.0,305.0,0.0
744,400.0,300.0,305.0,300.0,305.0,0.0
745,400.0,300.0,305.0,300.0,305.0,0.0
746,400.0,300.0,305.0,300.0,305.0,0.0
747,400.0,300.0,305.0,300.0,305.0,0.0
748,400.0,300.0,305.0,300.0,305.0,0.0
749,400.0,300.0,305.0,300.0,305.0,0.0
750,400.0,300.0,305.0,300.0,305.0,0.0
751,400.0,300.0,305.0,300.0,305.0,0.0
752,400.0,300.0,305.0,300.0,305.0,0.0
753,400.0,300.0,305.0,300.0,305.0,0.0
754,400.0,300.0,305.0,300.0,305.0,0.0
755,400.0,300.0,305.0,300.0,305.0,0.0
756,400.0,300.0,305.0,300.0,305.0,0.0
757,400.0,300.0,305.0,300.0,305.0,0.0
758,400.0,300.0,305.0,300.0,305.0,0.0
759,400.0,300.0,305.0,300.0,305.0,0.0
760,400.0,300.0,305.0,300.0,305.0,0.0
761,400.0,300.0,305.0,300.0,305.0,0.0
762,400.0,300.0,305.0,300.0,305.0,0.0
763,400.0,300.0,305.0,300.0,305.0,0.0
764,400.0,300.0,305.0,300.0,305.0,0.0
765,400.0,300.0,305.0,300.0,305.0,0.0
766,400.0,300.0,305.0,300.0,305.0,0.0
767,400.0,300.0,305.0,300.0,305.0,0.0
768,400.0,300.0,305.0,300.0,305.0,0.0
769,400.0,300.0,305.0,300.0,305.0,0.0
770,400.0,300.0,305.0,300.0,305.0,0.0
771,400.0,300.0,305.0,300.0,305.0,0.0
772,400.0,300.0,305.0,300.0,305.0,0.0
773,400.0,300.0,305.0,300.0,305.0,0.0
774,400.0,300.0,305.0,300.0,305.0,0.0
775,400.0,300.0,305.0,300.0,305.0,0.0
776,400.0,300.0,305.0,300.0,305.0,0.0
777,400.0,300.0,305.0,300.0,305.0,0.0
778,400.0,300.0,305.0,300.0,305.0,0.0
779,400.0,300.0,305.0,300.0,305.0,0.0
780,400.0,300.0,305.0,300.0,305.0,0.0
781,400.0,300.0,305.0,300.0,305.0,0.0
782,400.0,300.0,305.0,300.0,305.0,0.0
783,400.0,300.0,305.0,300.0,305.0,0.0
784,400.0,300.0,305.0,300.0,305.0,0.0
785,400.0,300.0,305.0,300.0,305.0,0.0
786,400.0,300.0,305.0,300.0,305.0,0.0
787,400.0,300.0,305.0,300.0,305.0,0.0
788,400.0,300.0,305.0,300.0,305.0,0.0
789,400.0,300.0,305.0,300.0,305.0,0.0
790,400.0,300.0,305.0,300.0,305.0,0.0
791,400.0,300.0,305.0,300.0,305.0,0.0
792,400.0,300.0,305.0,300.0,305.0,0.0
793,400.0,300.0,305.0,300.0,305.0,0.0
794,400.0,300.0,305.0,300.0,305.0,0.0
795,400.0,300.0,305.0,300.0,305.0,0.0
796,400.0,300.0,305.0,300.0,305.0,0.0
797,400.0,300.0,305.0,300.0,305.0,0.0
798,400.0,300.0,305.0,300.0,305.0,0.0
799,400.0,300.0,305.0,300.0,305.0,0.0
800,400.0,300.0,305.0,300.0,305.0,0.0
801,400.0,300.0,305.0,300.0,305.0,0.0
802,400.0,300.0,305.0,300.2,305.1,0.22360679774997896
803,400.0,300.0,305.0,300.2,305.1,0.22360679774997896
804,400.0,300.2,305.1,300.4,305.2,0.22360679774995357
805,400.0,300.2,305.1,300.4,305.2,0.22360679774995357
806,400.0,300.4,305.2,300.6,305.3,0.2236067977500298
807,400.0,300.4,305.2,300.6,305.3,0.2236067977500298
808,400.0,300.6,305.3,300.8,305.4,0.22360679774995357
809,400.0,300.6,305.3,300.8,305.4,0.22360679774995357
810,400.0,300.8,305.4,301.0,305.5,0.22360679774997896
811,400.0,300.8,305.4,301.0,305.5,0.22360679774997896
812,400.0,300.8,305.4,301.2,305.6,0.4472135954999579
813,400.0,300.8,305.4,301.2,305.6,0.4472135954999579
814,400.0,300.8,305.4,301.4,305.7,0.6708203932499115
815,400.0,300.8,305.4,301.4,305.7,0.6708203932499115
816,400.0,301.4,305.7,301.6,305.8,0.2236067977500298
817,400.0,301.4,305.7,301.6,305.8,0.2236067977500298
818,400.0,301.4,305.7,301.8,305.9,0.44721359549998335
819,400.0,301.4,305.7,301.8,305.9,0.44721359549998335
820,400.0,301.8,305.9,302.0,306.0,0.22360679774997896
821,400.0,301.8,305.9,302.0,306.0,0.22360679774997896
822,400.0,302.0,306.0,302.2,306.1,0.22360679774997896
823,400.0,302.0,306.0,302.2,306.1,0.22360679774997896
824,400.0,302.2,306.1,302.4,306.2,0.22360679774995357
825,400.0,302.2,306.1,302.4,306.2,0.22360679774995357
826,400.0,302.4,306.2,302.6,306.3,0.2236067977500298
827,400.0,302.4,306.2,302.6,306.3,0.2236067977500298
828,400.0,302.6,306.3,302.8,306.4,0.22360679774995357
829,400.0,302.6,306.3,302.8,306.4,0.22360679774995357
830,400.0,302.8,306.4,303.0,306.5,0.22360679774997896
831,400.0,302.8,306.4,303.0,306.5,0.22360679774997896
832,400.0,303.0,306.5,303.2,306.6,0.22360679774997896
833,400.0,303.0,306.5,303.2,306.6,0.22360679774997896
834,400.0,303.2,306.6,303.4,306.7,0.22360679774995357
835,400.0,303.2,306.6,303.4,306.7,0.22360679774995357
836,400.0,303.4,306.7,303.6,306.8,0.2236067977500298
837,400.0,303.4,306.7,303.6,306.8,0.2236067977500298
838,400.0,303.6,306.8,303.8,306.9,0.22360679774995357
839,400.0,303.6,306.8,303.8,306.9,0.22360679774995357
840,400.0,303.8,306.9,304.0,307.0,0.22360679774997896
841,400.0,303.8,306.9,304.0,307.0,0.22360679774997896
842,400.0,304.0,307.0,304.2,307.1,0.22360679774997896
843,400.0,304.0,307.0,304.2,307.1,0.22360679774997896
844,400.0,304.2,307.1,304.4,307.2,0.22360679774995357
845,400.0,304.2,307.1,304.4,307.2,0.22360679774995357
846,400.0,304.4,307.2,304.6,307.3,0.2236067977500298
847,400.0,304.4,307.2,304.6,307.3,0.2236067977500298
848,400.0,304.6,307.3,304.8,307.4,0.22360679774995357
849,400.0,304.6,307.3,304.8,307.4,0.22360679774995357
850,400.0,304.8,307.4,305.0,307.5,0.22360679774997896
851,400.0,304.8,307.4,305.0,307.5,0.22360679774997896
852,400.0,304.8,307.4,305.2,307.6,0.4472135954999579
853,400.0,304.8,307.4,305.2,307.6,0.4472135954999579
854,400.0,305.2,307.6,305.4,307.7,0.22360679774995357
855,400.0,305.2,307.6,305.4,307.7,0.22360679774995357
856,400.0,305.4,307.7,305.6,307.8,0.2236067977500298
857,400.0,305.4,307.7,305.6,307.8,0.2236067977500298
858,400.0,305.6,307.8,305.8,307.9,0.22360679774995357
859,400.0,305.6,307.8,305.8,307.9,0.22360679774995357
860,400.0,305.8,307.9,306.0,308.0,0.22360679774997896
861,400.0,305.8,307.9,306.0,308.0,0.22360679774997896
862,400.0,306.0,308.0,306.2,308.1,0.22360679774997896
863,400.0,306.0,308.0,306.2,308.1,0.22360679774997896
864,400.0,306.2,308.1,306.4,308.2,0.22360679774995357
865,400.0,306.2,308.1,306.4,308.2,0.22360679774995357
866,400.0,306.4,308.2,306.6,308.3,0.2236067977500298
867,400.0,306.4,308.2,306.6,308.3,0.2236067977500298
868,400.0,306.4,308.2,306.8,308.4,0.44721359549998335
869,400.0,306.4,308.2,306.8,308.4,0.44721359549998335
870,400.0,306.8,308.4,307.0,308.5,0.22360679774997896
871,400.0,306.8,308.4,307.0,308.5,0.22360679774997896
872,400.0,307.0,308.5,307.2,308.6,0.22360679774997896
873,400.0,307.0,308.5,307.2,308.6,0.22360679774997896
874,400.0,307.2,308.6,307.4,308.7,0.22360679774995357
875,400.0,307.2,308.6,307.4,308.7,0.22360679774995357
876,400.0,307.2,308.6,307.6,308.8,0.44721359549998335
877,400.0,307.2,308.6,307.6,308.8,0.44721359549998335
878,400.0,307.6,308.8,307.8,308.9,0.22360679774995357
879,400.0,307.6,308.8,307.8,308.9,0.22360679774995357
880,400.0,307.8,308.9,308.0,309.0,0.22360679774997896
881,400.0,307.8,308.9,308.0,309.0,0.22360679774997896
882,400.0,307.8,308.9,308.2,309.1,0.4472135954999579
883,400.0,307.8,308.9,308.2,309.1,0.4472135954999579
884,400.0,307.8,308.9,308.4,309.2,0.6708203932499115
885,400.0,307.8,308.9,308.4,309.2,0.6708203932499115
886,400.0,308.4,309.2,308.6,309.3,0.2236067977500298
887,400.0,308.4,309.2,308.6,309.3,0.2236067977500298
888,400.0,308.4,309.2,308.8,309.4,0.44721359549998335
889,400.0,308.4,309.2,308.8,309.4,0.44721359549998335
890,388.3092545915413,308.8,309.4,309.0,309.5,0.22360679774997896
891,388.3092545915413,308.8,309.4,309.0,309.5,0.22360679774997896
892,382.08035995042366,309.0,309.5,309.2,309.6,0.22360679774997896
893,382.08035995042366,309.0,309.5,309.2,309.6,0.22360679774997896
894,376.03552349760565,309.2,309.6,309.4,309.7,0.22360679774995357
895,376.03552349760565,309.2,309.6,309.4,309.7,0.22360679774995357
896,370.1673164239731,309.4,309.7,309.6,309.8,0.2236067977500298
897,370.1673164239731,309.4,309.7,309.6,309.8,0.2236067977500298
898,364.4686639668867,309.6,309.8,309.8,309.9,0.22360679774995357
899,364.4686639668867,309.6,309.8,309.8,309.9,0.22360679774995357
900,358.9328280583532,309.8,309.9,310.0,310.0,0.22360679774997896
901,358.9328280583532,309.8,309.9,310.0,310.0,0.22360679774997896
902,353.5533905932738,310.0,310.0,310.0,310.0,0.0
903,353.5533905932738,310.0,310.0,310.0,310.0,0.0
904,353.5533905932738,310.0,310.0,310.0,310.0,0.0
905,353.5533905932738,310.0,310.0,310.0,310.0,0.0
906,353.5533905932738,310.0,310.0,310.0,310.0,0.0
907,353.5533905932738,310.0,310.0,310.0,310.0,0.0
908,353.5533905932738,310.0,310.0,310.0,310.0,0.0
909,353.5533905932738,310.0,310.0,310.0,310.0,0.0
910,353.5533905932738,310.0,310.0,310.0,310.0,0.0
911,353.5533905932738,310.0,310.0,310.0,310.0,0.0
912,353.5533905932738,310.0,310.0,310.0,310.0,0.0
913,353.5533905932738,310.0,310.0,310.0,310.0,0.0
914,353.5533905932738,310.0,310.0,310.0,310.0,0.0
915,353.5533905932738,310.0,310.0,310.0,310.0,0.0
916,353.5533905932738,310.0,310.0,310.0,310.0,0.0
917,353.5533905932738,310.0,310.0,310.0,310.0,0.0
918,353.5533905932738,310.0,310.0,310.0,310.0,0.0
919,353.5533905932738,310.0,310.0,310.0,310.0,0.0
920,353.5533905932738,310.0,310.0,310.0,310.0,0.0
921,353.5533905932738,310.0,310.0,310.0,310.0,0.0
922,353.5533905932738,310.0,310.0,310.0,310.0,0.0
923,353.5533905932738,310.0,310.0,310.0,310.0,0.0
924,353.5533905932738,310.0,310.0,310.0,310.0,0.0
925,353.5533905932738,310.0,310.0,310.0,310.0,0.0
926,353.5533905932738,310.0,310.0,310.0,310.0,0.0
927,353.5533905932738,310.0,310.0,310.0,310.0,0.0
928,353.5533905932738,310.0,310.0,310.0,310.0,0.0
929,353.5533905932738,310.0,310.0,310.0,310.0,0.0
930,353.5533905932738,310.0,310.0,310.0,310.0,0.0
931,353.5533905932738,310.0,310.0,310.0,310.0,0.0
932,353.5533905932738,310.0,310.0,310.0,310.0,0.0
933,353.5533905932738,310.0,310.0,310.0,310.0,0.0
934,353.5533905932738,310.0,310.0,310.0,310.0,0.0
935,353.5533905932738,310.0,310.0,310.0,310.0,0.0
936,353.5533905932738,310.0,310.0,310.0,310.0,0.0
937,353.5533905932738,310.0,310.0,310.0,310.0,0.0
938,353.5533905932738,310.0,310.0,310.0,310.0,0.0
939,353.5533905932738,310.0,310.0,310.0,310.0,0.0
940,353.5533905932738,310.0,310.0,310.0,310.0,0.0
941,353.5533905932738,310.0,310.0,310.0,310.0,0.0
942,353.5533905932738,310.0,310.0,310.0,310.0,0.0
943,353.5533905932738,310.0,310.0,310.0,310.0,0.0
944,353.5533905932738,310.0,310.0,310.0,310.0,0.0
945,353.5533905932738,310.0,310.0,310.0,310.0,0.0
946,353.5533905932738,310.0,310.0,310.0,310.0,0.0
947,353.5533905932738,310.0,310.0,310.0,310.0,0.0
948,353.5533905932738,310.0,310.0,310.0,310.0,0.0
949,353.5533905932738,310.0,310.0,310.0,310.0,0.0
950,353.5533905932738,310.0,310.0,310.0,310.0,0.0
951,353.5533905932738,310.0,310.0,310.0,310.0,0.0
952,353.5533905932738,310.0,310.0,310.0,310.0,0.0
953,353.5533905932738,310.0,310.0,310.0,310.0,0.0
954,353.5533905932738,310.0,310.0,310.0,310.0,0.0
955,353.5533905932738,310.0,310.0,310.0,310.0,0.0
956,353.5533905932738,310.0,310.0,310.0,310.0,0.0
957,353.5533905932738,310.0,310.0,310.0,310.0,0.0
958,353.5533905932738,310.0,310.0,310.0,310.0,0.0
959,353.5533905932738,310.0,310.0,310.0,310.0,0.0
960,353.5533905932738,310.0,310.0,310.0,310.0,0.0
961,353.5533905932738,310.0,310.0,310.0,310.0,0.0
962,353.5533905932738,310.0,310.0,310.0,310.0,0.0
963,353.5533905932738,310.0,310.0,310.0,310.0,0.0
964,353.5533905932738,310.0,310.0,310.0,310.0,0.0
965,353.5533905932738,310.0,310.0,310.0,310.0,0.0
966,353.5533905932738,310.0,310.0,310.0,310.0,0.0
967,353.5533905932738,310.0,310.0,310.0,310.0,0.0
968,353.5533905932738,310.0,310.0,310.0,310.0,0.0
969,353.5533905932738,310.0,310.0,310.0,310.0,0.0
970,353.5533905932738,310.0,310.0,310.0,310.0,0.0
971,353.5533905932738,310.0,310.0,310.0,310.0,0.0
972,353.5533905932738,310.0,310.0,310.0,310.0,0.0
973,353.5533905932738,310.0,310.0,310.0,310.0,0.0
974,353.5533905932738,310.0,310.0,310.0,310.0,0.0
975,353.5533905932738,310.0,310.0,310.0,310.0,0.0
976,353.5533905932738,310.0,310.0,310.0,310.0,0.0
977,353.5533905932738,310.0,310.0,310.0,310.0,0.0
978,353.5533905932738,310.0,310.0,310.0,310.0,0.0
979,353.5533905932738,310.0,310.0,310.0,310.0,0.0
980,353.5533905932738,310.0,310.0,310.0,310.0,0.0
981,353.5533905932738,310.0,310.0,310.0,310.0,0.0
982,353.5533905932738,310.0,310.0,310.0,310.0,0.0
983,353.5533905932738,310.0,310.0,310.0,310.0,0.0
984,353.5533905932738,310.0,310.0,310.0,310.0,0.0
985,353.5533905932738,310.0,310.0,310.0,310.0,0.0
986,353.5533905932738,310.0,310.0,310.0,310.0,0.0
987,353.5533905932738,310.0,310.0,310.0,310.0,0.0
988,353.5533905932738,310.0,310.0,310.0,310.0,0.0
989,353.5533905932738,310.0,310.0,310.0,310.0,0.0
990,353.5533905932738,310.0,310.0,310.0,310.0,0.0
991,353.5533905932738,310.0,310.0,310.0,310.0,0.0
992,353.5533905932738,310.0,310.0,310.0,310.0,0.0
993,353.5533905932738,310.0,310.0,310.0,310.0,0.0
994,353.5533905932738,310.0,310.0,310.0,310.0,0.0
995,353.5533905932738,310.0,310.0,310.0,310.0,0.0
996,353.5533905932738,310.0,310.0,310.0,310.0,0.0
997,353.5533905932738,310.0,310.0,310.0,310.0,0.0
998,353.5533905932738,310.0,310.0,310.0,310.0,0.0
