0,47.37328547377633,150.0,225.0,151.0,222.0,3.1622776601683795
1,47.37328547377633,150.0,225.0,151.0,222.0,3.1622776601683795
2,47.37328547377633,150.0,225.0,151.5,220.5,4.743416490252569
3,47.37328547377633,150.0,225.0,151.5,220.5,4.743416490252569
4,47.37328547377633,150.0,225.0,152.0,219.0,6.324555320336759
5,47.37328547377633,150.0,225.0,152.0,219.0,6.324555320336759
6,47.37328547377633,150.0,225.0,152.5,217.5,7.905694150420948
7,47.37328547377633,150.0,225.0,152.5,217.5,7.905694150420948
8,47.37328547377633,150.0,225.0,153.0,216.0,9.486832980505138
9,56.54947968907877,152.5,217.5,153.0,216.0,1.5811388300841898
10,56.54947968907877,152.5,217.5,153.5,214.5,3.1622776601683795
11,56.54947968907877,152.5,217.5,153.5,214.5,3.1622776601683795
12,56.54947968907877,152.5,217.5,154.0,213.0,4.743416490252569
13,45.60117667110112,153.5,214.5,154.0,213.0,1.5811388300841898
14,45.60117667110112,153.5,214.5,154.5,211.5,3.1622776601683795
15,45.60117667110112,153.5,214.5,154.5,211.5,3.1622776601683795
16,45.60117667110112,153.5,214.5,155.0,210.0,4.743416490252569
17,45.60117667110112,153.5,214.5,155.0,210.0,4.743416490252569
18,45.60117667110112,153.5,214.5,155.5,208.5,6.324555320336759
19,45.60117667110112,153.5,214.5,155.5,208.5,6.324555320336759
20,45.60117667110112,153.5,214.5,156.0,207.0,7.905694150420948
21,45.60117667110112,153.5,214.5,156.0,207.0,7.905694150420948
22,45.60117667110112,153.5,214.5,156.5,205.5,9.486832980505138
23,45.60117667110112,153.5,214.5,156.5,205.5,9.486832980505138
24,45.60117667110112,153.5,214.5,157.0,204.0,11.067971810589327
25,45.60117667110112,153.5,214.5,157.0,204.0,11.067971810589327
26,45.60117667110112,153.5,214.5,157.5,202.5,12.649110640673518
27,45.60117667110112,153.5,214.5,157.5,202.5,12.649110640673518
28,45.60117667110112,153.5,214.5,158.0,201.0,14.230249470757707
29,45.60117667110112,153.5,214.5,158.0,201.0,14.230249470757707
30,45.60117667110112,153.5,214.5,158.5,199.5,15.811388300841896
31,45.60117667110112,153.5,214.5,158.5,199.5,15.811388300841896
32,45.60117667110112,153.5,214.5,159.0,198.0,17.392527130926087
33,45.60117667110112,153.5,214.5,159.0,198.0,17.392527130926087
34,45.60117667110112,153.5,214.5,159.5,196.5,18.973665961010276
35,33.93754828135066,159.5,196.5,159.5,196.5,0.0
36,33.93754828135066,159.5,196.5,160.0,195.0,1.5811388300841898
37,33.93754828135066,159.5,196.5,160.0,195.0,1.5811388300841898
38,33.93754828135066,159.5,196.5,160.5,193.5,3.1622776601683795
39,26.030210028711906,160.5,193.5,160.5,193.5,0.0
40,26.030210028711906,160.5,193.5,161.0,192.0,1.5811388300841898
41,26.030210028711906,160.5,193.5,161.0,192.0,1.5811388300841898
42,26.030210028711906,160.5,193.5,161.5,190.5,3.1622776601683795
43,27.851146139418198,161.5,190.5,161.5,190.5,0.0
44,27.851146139418198,161.5,190.5,162.0,189.0,1.5811388300841898
45,27.851146139418198,161.5,190.5,162.0,189.0,1.5811388300841898
46,27.851146139418198,161.5,190.5,162.5,187.5,3.1622776601683795
47,27.851146139418198,161.5,190.5,162.5,187.5,3.1622776601683795
48,27.851146139418198,161.5,190.5,163.0,186.0,4.743416490252569
49,27.851146139418198,161.5,190.5,163.0,186.0,4.743416490252569
50,27.851146139418198,161.5,190.5,163.5,184.5,6.324555320336759
51,30.623849732942418,163.5,184.5,163.5,184.5,0.0
52,30.623849732942418,163.5,184.5,164.0,183.0,1.5811388300841898
53,27.335777803915164,164.0,183.0,164.0,183.0,0.0
54,27.335777803915164,164.0,183.0,164.5,181.5,1.5811388300841898
55,27.54284552666216,164.5,181.5,164.5,181.5,0.0
56,27.54284552666216,164.5,181.5,165.0,180.0,1.5811388300841898
57,28.225200254282047,165.0,180.0,165.0,180.0,0.0
58,28.225200254282047,165.0,180.0,165.5,178.5,1.5811388300841898
59,39.27071925004048,165.5,178.5,165.5,178.5,0.0
60,39.27071925004048,165.5,178.5,166.0,177.0,1.5811388300841898
61,20.272408766714026,166.0,177.0,166.0,177.0,0.0
62,20.272408766714026,166.0,177.0,166.5,175.5,1.5811388300841898
63,38.103883599981465,166.5,175.5,166.5,175.5,0.0
64,38.103883599981465,166.5,175.5,167.0,174.0,1.5811388300841898
65,43.184252977639346,167.0,174.0,167.0,174.0,0.0
66,26.331004993248825,167.0,174.0,167.5,172.5,1.5811388300841898
67,41.4357182977564,167.5,172.5,167.5,172.5,0.0
68,41.4357182977564,167.5,172.5,168.0,171.0,1.5811388300841898
69,41.4357182977564,167.5,172.5,168.0,171.0,1.5811388300841898
70,41.4357182977564,167.5,172.5,168.5,169.5,3.1622776601683795
71,22.28510300829715,168.5,169.5,168.5,169.5,0.0
72,22.28510300829715,168.5,169.5,169.0,168.0,1.5811388300841898
73,22.28510300829715,168.5,169.5,169.0,168.0,1.5811388300841898
74,22.28510300829715,168.5,169.5,169.5,166.5,3.1622776601683795
75,22.28510300829715,168.5,169.5,169.5,166.5,3.1622776601683795
76,37.25904198853849,169.5,166.5,170.0,165.0,1.5811388300841898
77,53.953265472692976,170.0,165.0,170.0,165.0,0.0
78,53.953265472692976,170.0,165.0,170.5,163.5,1.5811388300841898
79,59.82282880124094,170.5,163.5,170.5,163.5,0.0
80,59.82282880124094,170.5,163.5,171.0,162.0,1.5811388300841898
81,35.351794797351026,171.0,162.0,171.0,162.0,0.0
82,35.351794797351026,171.0,162.0,171.5,160.5,1.5811388300841898
83,27.852310928032256,171.5,160.5,171.5,160.5,0.0
84,27.852310928032256,171.5,160.5,172.0,159.0,1.5811388300841898
85,24.998732701166894,172.0,159.0,172.0,159.0,0.0
86,24.998732701166894,172.0,159.0,172.5,157.5,1.5811388300841898
87,57.02402326742165,172.5,157.5,172.5,157.5,0.0
88,57.02402326742165,172.5,157.5,173.0,156.0,1.5811388300841898
89,51.441455628054214,173.0,156.0,173.0,156.0,0.0
90,51.441455628054214,173.0,156.0,173.5,154.5,1.5811388300841898
91,51.441455628054214,173.0,156.0,173.5,154.5,1.5811388300841898
92,51.441455628054214,173.0,156.0,174.0,153.0,3.1622776601683795
93,51.441455628054214,173.0,156.0,174.0,153.0,3.1622776601683795
94,51.441455628054214,173.0,156.0,174.5,151.5,4.743416490252569
95,40.596174055695634,174.5,151.5,174.5,151.5,0.0
96,40.596174055695634,174.5,151.5,175.0,150.0,1.5811388300841898
97,46.899093886580204,175.0,150.0,175.0,150.0,0.0
98,46.899093886580204,175.0,150.0,175.0,150.0,0.0
99,88.85219209725574,175.0,150.0,175.0,150.0,0.0
100,88.85219209725574,175.0,150.0,175.0,150.0,0.0
101,39.44289480482135,175.0,150.0,175.0,150.0,0.0
102,39.44289480482135,175.0,150.0,175.0,150.0,0.0
103,37.65484314530876,175.0,150.0,175.0,150.0,0.0
104,37.65484314530876,175.0,150.0,175.0,150.0,0.0
105,47.17006997498508,175.0,150.0,175.0,150.0,0.0
106,47.17006997498508,175.0,150.0,175.0,150.0,0.0
107,75.09691194175225,175.0,150.0,175.0,150.0,0.0
108,75.09691194175225,175.0,150.0,175.0,150.0,0.0
109,47.40670987215444,175.0,150.0,175.0,150.0,0.0
110,47.40670987215444,175.0,150.0,175.0,150.0,0.0
111,35.48700799105499,175.0,150.0,175.0,150.0,0.0
112,35.48700799105499,175.0,150.0,175.0,150.0,0.0
113,45.79604651750506,175.0,150.0,175.0,150.0,0.0
114,45.79604651750506,175.0,150.0,175.0,150.0,0.0
115,20.836321045118247,175.0,150.0,175.0,150.0,0.0
116,63.89294898074481,175.0,150.0,175.0,150.0,0.0
117,41.06233667896974,175.0,150.0,175.0,150.0,0.0
118,41.06233667896974,175.0,150.0,175.0,150.0,0.0
119,35.12269722351443,175.0,150.0,175.0,150.0,0.0
120,35.12269722351443,175.0,150.0,175.0,150.0,0.0
121,56.207456707309035,175.0,150.0,175.0,150.0,0.0
122,56.207456707309035,175.0,150.0,175.0,150.0,0.0
123,58.36998446886206,175.0,150.0,175.0,150.0,0.0
124,58.36998446886206,175.0,150.0,175.0,150.0,0.0
125,47.617395137710304,175.0,150.0,175.0,150.0,0.0
126,47.617395137710304,175.0,150.0,175.0,150.0,0.0
127,45.2426764616901,175.0,150.0,175.0,150.0,0.0
128,45.2426764616901,175.0,150.0,175.0,150.0,0.0
129,67.05859414875599,175.0,150.0,175.0,150.0,0.0
130,37.57660459715205,175.0,150.0,175.0,150.0,0.0
131,45.711659939811035,175.0,150.0,175.0,150.0,0.0
132,45.711659939811035,175.0,150.0,175.0,150.0,0.0
133,94.84247652456898,175.0,150.0,175.0,150.0,0.0
134,94.84247652456898,175.0,150.0,175.0,150.0,0.0
135,68.15440198761458,175.0,150.0,175.0,150.0,0.0
136,68.15440198761458,175.0,150.0,175.0,150.0,0.0
137,45.4106903970098,175.0,150.0,175.0,150.0,0.0
138,45.4106903970098,175.0,150.0,175.0,150.0,0.0
139,27.867675590048357,175.0,150.0,175.0,150.0,0.0
140,27.867675590048357,175.0,150.0,175.0,150.0,0.0
141,23.732407603792332,175.0,150.0,175.0,150.0,0.0
142,23.732407603792332,175.0,150.0,175.0,150.0,0.0
143,54.23424611570031,175.0,150.0,175.0,150.0,0.0
144,54.23424611570031,175.0,150.0,175.0,150.0,0.0
145,56.44224052980801,175.0,150.0,175.0,150.0,0.0
146,56.44224052980801,175.0,150.0,175.0,150.0,0.0
147,40.498175789873606,175.0,150.0,175.0,150.0,0.0
148,40.498175789873606,175.0,150.0,175.0,150.0,0.0
149,75.1620797508438,175.0,150.0,175.0,150.0,0.0
150,75.1620797508438,175.0,150.0,175.0,150.0,0.0
151,35.183297503807175,175.0,150.0,175.0,150.0,0.0
152,35.183297503807175,175.0,150.0,175.0,150.0,0.0
153,65.73011123427945,175.0,150.0,175.0,150.0,0.0
154,65.73011123427945,175.0,150.0,175.0,150.0,0.0
155,34.77561664076437,175.0,150.0,175.0,150.0,0.0
156,34.77561664076437,175.0,150.0,175.0,150.0,0.0
157,65.09144898572198,175.0,150.0,175.0,150.0,0.0
158,65.09144898572198,175.0,150.0,175.0,150.0,0.0
159,58.08633405552859,175.0,150.0,175.0,150.0,0.0
160,58.08633405552859,175.0,150.0,175.0,150.0,0.0
161,42.59351819317663,175.0,150.0,175.0,150.0,0.0
162,42.59351819317663,175.0,150.0,175.0,150.0,0.0
163,29.371361888066016,175.0,150.0,175.0,150.0,0.0
164,29.371361888066016,175.0,150.0,175.0,150.0,0.0
165,51.60037490890232,175.0,150.0,175.0,150.0,0.0
166,51.60037490890232,175.0,150.0,175.0,150.0,0.0
167,46.57765085753057,175.0,150.0,175.0,150.0,0.0
168,46.57765085753057,175.0,150.0,175.0,150.0,0.0
169,33.1714066068044,175.0,150.0,175.0,150.0,0.0
170,33.1714066068044,175.0,150.0,175.0,150.0,0.0
171,37.67671475179206,175.0,150.0,175.0,150.0,0.0
172,37.67671475179206,175.0,150.0,175.0,150.0,0.0
173,32.96805589444527,175.0,150.0,175.0,150.0,0.0
174,32.96805589444527,175.0,150.0,175.0,150.0,0.0
175,41.683010246426164,175.0,150.0,175.0,150.0,0.0
176,41.683010246426164,175.0,150.0,175.0,150.0,0.0
177,87.8070779230049,175.0,150.0,175.0,150.0,0.0
178,87.8070779230049,175.0,150.0,175.0,150.0,0.0
179,40.81141558759147,175.0,150.0,175.0,150.0,0.0
180,40.81141558759147,175.0,150.0,175.0,150.0,0.0
181,46.018710632281746,175.0,150.0,175.0,150.0,0.0
182,35.7555596724922,175.0,150.0,175.0,150.0,0.0
183,44.291531230493824,175.0,150.0,175.0,150.0,0.0
184,44.291531230493824,175.0,150.0,175.0,150.0,0.0
185,35.15073299131978,175.0,150.0,175.0,150.0,0.0
186,35.15073299131978,175.0,150.0,175.0,150.0,0.0
187,53.37958232927046,175.0,150.0,175.0,150.0,0.0
188,53.37958232927046,175.0,150.0,175.0,150.0,0.0
189,35.14627765148398,175.0,150.0,175.0,150.0,0.0
190,35.14627765148398,175.0,150.0,175.0,150.0,0.0
191,51.45548972606175,175.0,150.0,175.0,150.0,0.0
192,51.45548972606175,175.0,150.0,175.0,150.0,0.0
193,47.89847377426937,175.0,150.0,175.0,150.0,0.0
194,47.89847377426937,175.0,150.0,175.0,150.0,0.0
195,47.89847377426937,175.0,150.0,175.0,150.0,0.0
196,47.89847377426937,175.0,150.0,175.0,150.0,0.0
197,29.27480686477888,175.0,150.0,175.0,150.0,0.0
198,30.03432860157196,175.0,150.0,175.5,151.8,1.8681541692269514
199,77.73904653175497,175.5,151.8,175.5,151.8,0.0
200,77.73904653175497,175.5,151.8,176.0,153.6,1.868154169226924
201,38.254493323127846,176.0,153.6,176.0,153.6,0.0
202,38.254493323127846,176.0,153.6,176.5,155.4,1.8681541692269514
203,23.063876665561605,176.5,155.4,176.5,155.4,0.0
204,23.063876665561605,176.5,155.4,177.0,157.2,1.868154169226924
205,33.71246999717871,177.0,157.2,177.0,157.2,0.0
206,33.71246999717871,177.0,157.2,177.5,159.0,1.8681541692269514
207,50.55196053817767,177.5,159.0,177.5,159.0,0.0
208,50.55196053817767,177.5,159.0,178.0,160.8,1.8681541692269514
209,32.51900601741674,178.0,160.8,178.0,160.8,0.0
210,32.51900601741674,178.0,160.8,178.5,162.6,1.868154169226924
211,42.047991121127,178.5,162.6,178.5,162.6,0.0
212,42.047991121127,178.5,162.6,179.0,164.4,1.8681541692269514
213,55.86335433492762,179.0,164.4,179.0,164.4,0.0
214,55.86335433492762,179.0,164.4,179.5,166.2,1.868154169226924
215,33.29431795696097,179.5,166.2,179.5,166.2,0.0
216,33.29431795696097,179.5,166.2,180.0,168.0,1.8681541692269514
217,41.93146619532248,180.0,168.0,180.0,168.0,0.0
218,41.93146619532248,180.0,168.0,180.5,169.8,1.8681541692269514
219,49.00729558565237,180.5,169.8,180.5,169.8,0.0
220,49.00729558565237,180.5,169.8,181.0,171.6,1.868154169226924
221,38.17933934383406,181.0,171.6,181.0,171.6,0.0
222,38.17933934383406,181.0,171.6,181.5,173.4,1.8681541692269514
223,36.876239788700666,181.5,173.4,181.5,173.4,0.0
224,36.876239788700666,181.5,173.4,182.0,175.2,1.868154169226924
225,32.69933326301374,182.0,175.2,182.0,175.2,0.0
226,32.69933326301374,182.0,175.2,182.5,177.0,1.8681541692269514
227,32.525283907684795,182.5,177.0,182.5,177.0,0.0
228,32.525283907684795,182.5,177.0,183.0,178.8,1.8681541692269514
229,42.19128191678202,183.0,178.8,183.0,178.8,0.0
230,42.19128191678202,183.0,178.8,183.5,180.6,1.868154169226924
231,27.65888672350699,183.5,180.6,183.5,180.6,0.0
232,27.65888672350699,183.5,180.6,184.0,182.4,1.8681541692269514
233,50.836982308795626,184.0,182.4,184.0,182.4,0.0
234,50.836982308795626,184.0,182.4,184.5,184.2,1.868154169226924
235,30.5059729733456,184.5,184.2,184.5,184.2,0.0
236,30.5059729733456,184.5,184.2,185.0,186.0,1.8681541692269514
237,27.34760908360872,185.0,186.0,185.0,186.0,0.0
238,27.34760908360872,185.0,186.0,185.5,187.8,1.8681541692269514
239,20.24447644197771,185.5,187.8,185.5,187.8,0.0
240,20.24447644197771,185.5,187.8,186.0,189.6,1.868154169226924
241,34.891470589667605,186.0,189.6,186.0,189.6,0.0
242,34.891470589667605,186.0,189.6,186.5,191.4,1.8681541692269514
243,31.161372431268457,186.5,191.4,186.5,191.4,0.0
244,31.161372431268457,186.5,191.4,187.0,193.2,1.868154169226924
245,31.229654438761642,187.0,193.2,187.0,193.2,0.0
246,31.229654438761642,187.0,193.2,187.5,195.0,1.8681541692269514
247,27.829022348918592,187.5,195.0,187.5,195.0,0.0
248,27.829022348918592,187.5,195.0,188.0,196.8,1.8681541692269514
249,49.333139432870276,188.0,196.8,188.0,196.8,0.0
250,49.333139432870276,188.0,196.8,188.5,198.6,1.868154169226924
251,22.90871680130713,188.5,198.6,188.5,198.6,0.0
252,22.90871680130713,188.5,198.6,189.0,200.4,1.8681541692269514
253,22.90871680130713,188.5,198.6,189.0,200.4,1.8681541692269514
254,22.90871680130713,188.5,198.6,189.5,202.2,3.7363083384538753
255,20.221821332160395,189.5,202.2,189.5,202.2,0.0
256,20.221821332160395,189.5,202.2,190.0,204.0,1.8681541692269514
257,20.522064661109482,190.0,204.0,190.0,204.0,0.0
258,20.522064661109482,190.0,204.0,190.5,205.8,1.8681541692269514
259,21.047291229851908,190.0,204.0,190.5,205.8,1.8681541692269514
260,21.047291229851908,190.0,204.0,191.0,207.6,3.7363083384538753
261,21.047291229851908,190.0,204.0,191.0,207.6,3.7363083384538753
262,21.047291229851908,190.0,204.0,191.5,209.4,5.604462507680827
263,28.130095822234225,191.5,209.4,191.5,209.4,0.0
264,28.130095822234225,191.5,209.4,192.0,211.2,1.868154169226924
265,26.20806867317215,192.0,211.2,192.0,211.2,0.0
266,26.20806867317215,192.0,211.2,192.5,213.0,1.8681541692269514
267,26.20806867317215,192.0,211.2,192.5,213.0,1.8681541692269514
268,26.20806867317215,192.0,211.2,193.0,214.8,3.736308338453903
269,26.20806867317215,192.0,211.2,193.0,214.8,3.736308338453903
270,26.20806867317215,192.0,211.2,193.5,216.6,5.604462507680827
271,26.20806867317215,192.0,211.2,193.5,216.6,5.604462507680827
272,26.20806867317215,192.0,211.2,194.0,218.4,7.472616676907778
273,31.263051697524794,194.0,218.4,194.0,218.4,0.0
274,31.263051697524794,194.0,218.4,194.5,220.2,1.868154169226924
275,30.910238584125494,194.5,220.2,194.5,220.2,0.0
276,30.910238584125494,194.5,220.2,195.0,222.0,1.8681541692269514
277,30.910238584125494,194.5,220.2,195.0,222.0,1.8681541692269514
278,30.910238584125494,194.5,220.2,195.5,223.8,3.736308338453903
279,30.910238584125494,194.5,220.2,195.5,223.8,3.736308338453903
280,30.910238584125494,194.5,220.2,196.0,225.6,5.604462507680827
281,30.910238584125494,194.5,220.2,196.0,225.6,5.604462507680827
282,30.910238584125494,194.5,220.2,196.5,227.4,7.472616676907778
283,30.910238584125494,194.5,220.2,196.5,227.4,7.472616676907778
284,30.910238584125494,194.5,220.2,197.0,229.2,9.340770846134703
285,30.910238584125494,194.5,220.2,197.0,229.2,9.340770846134703
286,30.910238584125494,194.5,220.2,197.5,231.0,11.208925015361654
287,30.910238584125494,194.5,220.2,197.5,231.0,11.208925015361654
288,30.910238584125494,194.5,220.2,198.0,232.8,13.077079184588605
289,30.910238584125494,194.5,220.2,198.0,232.8,13.077079184588605
290,30.910238584125494,194.5,220.2,198.5,234.6,14.945233353815528
291,30.910238584125494,194.5,220.2,198.5,234.6,14.945233353815528
292,30.910238584125494,194.5,220.2,199.0,236.4,16.81338752304248
293,30.910238584125494,194.5,220.2,199.0,236.4,16.81338752304248
294,30.910238584125494,194.5,220.2,199.5,238.2,18.681541692269406
295,30.910238584125494,194.5,220.2,199.5,238.2,18.681541692269406
296,30.910238584125494,194.5,220.2,200.0,240.0,20.549695861496357
297,30.910238584125494,194.5,220.2,200.0,240.0,20.549695861496357
298,30.910238584125494,194.5,220.2,200.0,240.0,20.549695861496357
299,30.910238584125494,194.5,220.2,200.0,240.0,20.549695861496357
300,30.910238584125494,194.5,220.2,200.0,240.0,20.549695861496357
301,30.910238584125494,194.5,220.2,200.0,240.0,20.549695861496357
302,30.910238584125494,194.5,220.2,200.0,240.0,20.549695861496357
303,30.910238584125494,194.5,220.2,200.0,240.0,20.549695861496357
304,30.910238584125494,194.5,220.2,200.0,240.0,20.549695861496357
305,30.910238584125494,194.5,220.2,200.0,240.0,20.549695861496357
306,30.910238584125494,194.5,220.2,200.0,240.0,20.549695861496357
307,30.910238584125494,194.5,220.2,200.0,240.0,20.549695861496357
308,30.910238584125494,194.5,220.2,200.0,240.0,20.549695861496357
309,30.910238584125494,194.5,220.2,200.0,240.0,20.549695861496357
310,30.910238584125494,194.5,220.2,200.0,240.0,20.549695861496357
311,30.910238584125494,194.5,220.2,200.0,240.0,20.549695861496357
312,30.910238584125494,194.5,220.2,200.0,240.0,20.549695861496357
313,30.910238584125494,194.5,220.2,200.0,240.0,20.549695861496357
314,30.910238584125494,194.5,220.2,200.0,240.0,20.549695861496357
315,30.910238584125494,194.5,220.2,200.0,240.0,20.549695861496357
316,30.910238584125494,194.5,220.2,200.0,240.0,20.549695861496357
317,30.910238584125494,194.5,220.2,200.0,240.0,20.549695861496357
318,30.910238584125494,194.5,220.2,200.0,240.0,20.549695861496357
319,30.910238584125494,194.5,220.2,200.0,240.0,20.549695861496357
320,30.910238584125494,194.5,220.2,200.0,240.0,20.549695861496357
321,30.910238584125494,194.5,220.2,200.0,240.0,20.549695861496357
322,30.910238584125494,194.5,220.2,200.0,240.0,20.549695861496357
323,30.910238584125494,194.5,220.2,200.0,240.0,20.549695861496357
324,30.910238584125494,194.5,220.2,200.0,240.0,20.549695861496357
325,30.910238584125494,194.5,220.2,200.0,240.0,20.549695861496357
326,30.910238584125494,194.5,220.2,200.0,240.0,20.549695861496357
327,30.910238584125494,194.5,220.2,200.0,240.0,20.549695861496357
328,30.910238584125494,194.5,220.2,200.0,240.0,20.549695861496357
329,30.910238584125494,194.5,220.2,200.0,240.0,20.549695861496357
330,30.910238584125494,194.5,220.2,200.0,240.0,20.549695861496357
331,30.910238584125494,194.5,220.2,200.0,240.0,20.549695861496357
332,30.910238584125494,194.5,220.2,200.0,240.0,20.549695861496357
333,30.910238584125494,194.5,220.2,200.0,240.0,20.549695861496357
334,30.910238584125494,194.5,220.2,200.0,240.0,20.549695861496357
335,30.910238584125494,194.5,220.2,200.0,240.0,20.549695861496357
336,30.910238584125494,194.5,220.2,200.0,240.0,20.549695861496357
337,30.910238584125494,194.5,220.2,200.0,240.0,20.549695861496357
338,30.910238584125494,194.5,220.2,200.0,240.0,20.549695861496357
339,30.910238584125494,194.5,220.2,200.0,240.0,20.549695861496357
340,30.910238584125494,194.5,220.2,200.0,240.0,20.549695861496357
341,30.910238584125494,194.5,220.2,200.0,240.0,20.549695861496357
342,30.910238584125494,194.5,220.2,200.0,240.0,20.549695861496357
343,30.910238584125494,194.5,220.2,200.0,240.0,20.549695861496357
344,30.910238584125494,194.5,220.2,200.0,240.0,20.549695861496357
345,30.910238584125494,194.5,220.2,200.0,240.0,20.549695861496357
346,30.910238584125494,194.5,220.2,200.0,240.0,20.549695861496357
347,30.910238584125494,194.5,220.2,200.0,240.0,20.549695861496357
348,30.910238584125494,194.5,220.2,200.0,240.0,20.549695861496357
349,30.910238584125494,194.5,220.2,200.0,240.0,20.549695861496357
350,30.910238584125494,194.5,220.2,200.0,240.0,20.549695861496357
351,30.910238584125494,194.5,220.2,200.0,240.0,20.549695861496357
352,30.910238584125494,194.5,220.2,200.0,240.0,20.549695861496357
353,30.910238584125494,194.5,220.2,200.0,240.0,20.549695861496357
354,30.910238584125494,194.5,220.2,200.0,240.0,20.549695861496357
355,30.910238584125494,194.5,220.2,200.0,240.0,20.549695861496357
356,30.910238584125494,194.5,220.2,200.0,240.0,20.549695861496357
357,30.910238584125494,194.5,220.2,200.0,240.0,20.549695861496357
358,30.910238584125494,194.5,220.2,200.0,240.0,20.549695861496357
359,30.910238584125494,194.5,220.2,200.0,240.0,20.549695861496357
360,30.910238584125494,194.5,220.2,200.0,240.0,20.549695861496357
361,30.910238584125494,194.5,220.2,200.0,240.0,20.549695861496357
362,30.910238584125494,194.5,220.2,200.0,240.0,20.549695861496357
363,30.910238584125494,194.5,220.2,200.0,240.0,20.549695861496357
364,30.910238584125494,194.5,220.2,200.0,240.0,20.549695861496357
365,30.910238584125494,194.5,220.2,200.0,240.0,20.549695861496357
366,30.910238584125494,194.5,220.2,200.0,240.0,20.549695861496357
367,30.910238584125494,194.5,220.2,200.0,240.0,20.549695861496357
368,30.910238584125494,194.5,220.2,200.0,240.0,20.549695861496357
369,30.910238584125494,194.5,220.2,200.0,240.0,20.549695861496357
370,30.910238584125494,194.5,220.2,200.0,240.0,20.549695861496357
371,30.910238584125494,194.5,220.2,200.0,240.0,20.549695861496357
372,30.910238584125494,194.5,220.2,200.0,240.0,20.549695861496357
373,30.910238584125494,194.5,220.2,200.0,240.0,20.549695861496357
374,30.910238584125494,194.5,220.2,200.0,240.0,20.549695861496357
375,30.910238584125494,194.5,220.2,200.0,240.0,20.549695861496357
376,30.910238584125494,194.5,220.2,200.0,240.0,20.549695861496357
377,30.910238584125494,194.5,220.2,200.0,240.0,20.549695861496357
378,30.910238584125494,194.5,220.2,200.0,240.0,20.549695861496357
379,30.910238584125494,194.5,220.2,200.0,240.0,20.549695861496357
380,30.910238584125494,194.5,220.2,200.0,240.0,20.549695861496357
381,30.910238584125494,194.5,220.2,200.0,240.0,20.549695861496357
382,30.910238584125494,194.5,220.2,200.0,240.0,20.549695861496357
383,30.910238584125494,194.5,220.2,200.0,240.0,20.549695861496357
384,30.910238584125494,194.5,220.2,200.0,240.0,20.549695861496357
385,30.910238584125494,194.5,220.2,200.0,240.0,20.549695861496357
386,30.910238584125494,194.5,220.2,200.0,240.0,20.549695861496357
387,30.910238584125494,194.5,220.2,200.0,240.0,20.549695861496357
388,30.910238584125494,194.5,220.2,200.0,240.0,20.549695861496357
389,30.910238584125494,194.5,220.2,200.0,240.0,20.549695861496357
390,30.910238584125494,194.5,220.2,200.0,240.0,20.549695861496357
391,30.910238584125494,194.5,220.2,200.0,240.0,20.549695861496357
392,30.910238584125494,194.5,220.2,200.0,240.0,20.549695861496357
393,30.910238584125494,194.5,220.2,200.0,240.0,20.549695861496357
394,30.910238584125494,194.5,220.2,200.0,240.0,20.549695861496357
395,30.910238584125494,194.5,220.2,200.0,240.0,20.549695861496357
396,30.910238584125494,194.5,220.2,200.0,240.0,20.549695861496357
397,30.910238584125494,194.5,220.2,200.0,240.0,20.549695861496357
398,30.910238584125494,194.5,220.2,200.5,238.9,19.63899182748444
399,30.910238584125494,194.5,220.2,200.5,238.9,19.63899182748444
400,30.910238584125494,194.5,220.2,201.0,237.8,18.76192953829645
401,30.910238584125494,194.5,220.2,201.0,237.8,18.76192953829645
402,30.910238584125494,194.5,220.2,201.5,236.7,17.92344832893492
403,30.910238584125494,194.5,220.2,201.5,236.7,17.92344832893492
404,30.910238584125494,194.5,220.2,202.0,235.6,17.129214809792078
405,30.910238584125494,194.5,220.2,202.0,235.6,17.129214809792078
406,30.910238584125494,194.5,220.2,202.5,234.5,16.3856644662339
407,30.910238584125494,194.5,220.2,202.5,234.5,16.3856644662339
408,30.910238584125494,194.5,220.2,203.0,233.4,15.700000000000015
409,30.910238584125494,194.5,220.2,203.0,233.4,15.700000000000015
410,30.910238584125494,194.5,220.2,203.5,232.3,15.080119362922845
411,30.910238584125494,194.5,220.2,203.5,232.3,15.080119362922845
412,30.910238584125494,194.5,220.2,204.0,231.2,14.534441853748634
413,30.910238584125494,194.5,220.2,204.0,231.2,14.534441853748634
414,30.910238584125494,194.5,220.2,204.5,230.1,14.071602609511118
415,30.910238584125494,194.5,220.2,204.5,230.1,14.071602609511118
416,30.910238584125494,194.5,220.2,205.0,229.0,13.700000000000006
417,30.910238584125494,194.5,220.2,205.0,229.0,13.700000000000006
418,30.910238584125494,194.5,220.2,205.5,227.9,13.427211177307083
419,30.910238584125494,194.5,220.2,205.5,227.9,13.427211177307083
420,30.910238584125494,194.5,220.2,206.0,226.8,13.259336333316245
421,30.910238584125494,194.5,220.2,206.0,226.8,13.259336333316245
422,30.910238584125494,194.5,220.2,206.5,225.7,13.200378782444085
423,30.910238584125494,194.5,220.2,206.5,225.7,13.200378782444085
424,30.910238584125494,194.5,220.2,207.0,224.6,13.251792331605564
425,30.910238584125494,194.5,220.2,207.0,224.6,13.251792331605564
426,30.910238584125494,194.5,220.2,207.5,223.5,13.41230778054247
427,30.910238584125494,194.5,220.2,207.5,223.5,13.41230778054247
428,30.910238584125494,194.5,220.2,208.0,222.4,13.678084661238213
429,30.910238584125494,194.5,220.2,208.0,222.4,13.678084661238213
430,30.910238584125494,194.5,220.2,208.5,221.3,14.04314779527724
431,30.910238584125494,194.5,220.2,208.5,221.3,14.04314779527724
432,30.910238584125494,194.5,220.2,209.0,220.2,14.5
433,20.99626167670864,209.0,220.2,209.0,220.2,0.0
434,20.99626167670864,209.0,220.2,209.5,219.1,1.208304597359452
435,22.852546614563153,209.5,219.1,209.5,219.1,0.0
436,22.852546614563153,209.5,219.1,210.0,218.0,1.208304597359452
437,21.673587428594363,210.0,218.0,210.0,218.0,0.0
438,21.673587428594363,210.0,218.0,210.5,216.9,1.208304597359452
439,29.32190858961791,210.5,216.9,210.5,216.9,0.0
440,29.32190858961791,210.5,216.9,211.0,215.8,1.208304597359452
441,21.553135164467278,211.0,215.8,211.0,215.8,0.0
442,21.553135164467278,211.0,215.8,211.5,214.7,1.208304597359478
443,30.831807228840468,211.5,214.7,211.5,214.7,0.0
444,30.831807228840468,211.5,214.7,212.0,213.6,1.208304597359452
445,32.64993817396806,212.0,213.6,212.0,213.6,0.0
446,32.64993817396806,212.0,213.6,212.5,212.5,1.208304597359452
447,28.473800179472082,212.5,212.5,212.5,212.5,0.0
448,28.473800179472082,212.5,212.5,213.0,211.4,1.208304597359452
449,20.826692739846564,213.0,211.4,213.0,211.4,0.0
450,20.826692739846564,213.0,211.4,213.5,210.3,1.208304597359452
451,32.13180758560194,213.5,210.3,213.5,210.3,0.0
452,32.13180758560194,213.5,210.3,214.0,209.2,1.208304597359478
453,28.200763244903822,214.0,209.2,214.0,209.2,0.0
454,28.200763244903822,214.0,209.2,214.5,208.1,1.208304597359452
455,24.101892834509997,214.5,208.1,214.5,208.1,0.0
456,24.101892834509997,214.5,208.1,215.0,207.0,1.208304597359452
457,31.403085490091176,215.0,207.0,215.0,207.0,0.0
458,31.403085490091176,215.0,207.0,215.5,205.9,1.208304597359452
459,26.521917086582175,215.5,205.9,215.5,205.9,0.0
460,26.521917086582175,215.5,205.9,216.0,204.8,1.208304597359452
461,44.77598491843702,216.0,204.8,216.0,204.8,0.0
462,44.77598491843702,216.0,204.8,216.5,203.7,1.208304597359478
463,44.77598491843702,216.0,204.8,216.5,203.7,1.208304597359478
464,21.489390048849682,216.5,203.7,217.0,202.6,1.208304597359452
465,33.79701003084159,217.0,202.6,217.0,202.6,0.0
466,33.79701003084159,217.0,202.6,217.5,201.5,1.208304597359452
467,21.378664650385428,217.5,201.5,217.5,201.5,0.0
468,33.79685619061392,217.5,201.5,218.0,200.4,1.208304597359452
469,22.420744319383672,218.0,200.4,218.0,200.4,0.0
470,22.420744319383672,218.0,200.4,218.5,199.3,1.208304597359452
471,48.17693428978389,218.5,199.3,218.5,199.3,0.0
472,48.17693428978389,218.5,199.3,219.0,198.2,1.208304597359478
473,40.953184295844835,219.0,198.2,219.0,198.2,0.0
474,40.953184295844835,219.0,198.2,219.5,197.1,1.208304597359452
475,36.93969850731906,219.5,197.1,219.5,197.1,0.0
476,36.93969850731906,219.5,197.1,220.0,196.0,1.208304597359452
477,32.19136995934282,220.0,196.0,220.0,196.0,0.0
478,32.19136995934282,220.0,196.0,220.5,194.9,1.208304597359452
479,42.28181333622657,220.5,194.9,220.5,194.9,0.0
480,42.28181333622657,220.5,194.9,221.0,193.8,1.208304597359452
481,33.1775769162735,221.0,193.8,221.0,193.8,0.0
482,33.1775769162735,221.0,193.8,221.5,192.7,1.208304597359478
483,38.832486894380274,221.5,192.7,221.5,192.7,0.0
484,38.832486894380274,221.5,192.7,222.0,191.6,1.208304597359452
485,29.517309423155403,222.0,191.6,222.0,191.6,0.0
486,29.517309423155403,222.0,191.6,222.5,190.5,1.208304597359452
487,36.688237511056116,222.5,190.5,222.5,190.5,0.0
488,36.688237511056116,222.5,190.5,223.0,189.4,1.208304597359452
489,50.38559051373658,223.0,189.4,223.0,189.4,0.0
490,50.38559051373658,223.0,189.4,223.5,188.3,1.208304597359452
491,42.435924264863964,223.5,188.3,223.5,188.3,0.0
492,42.435924264863964,223.5,188.3,224.0,187.2,1.208304597359478
493,44.68113756935013,224.0,187.2,224.0,187.2,0.0
494,44.68113756935013,224.0,187.2,224.5,186.1,1.208304597359452
495,39.29505017893628,224.5,186.1,224.5,186.1,0.0
496,39.29505017893628,224.5,186.1,225.0,185.0,1.208304597359452
497,39.29505017893628,224.5,186.1,225.0,185.0,1.208304597359452
498,39.29505017893628,224.5,186.1,225.0,185.0,1.208304597359452
499,44.63195412829017,225.0,185.0,225.0,185.0,0.0
500,44.63195412829017,225.0,185.0,225.0,185.0,0.0
501,35.997450825464306,225.0,185.0,225.0,185.0,0.0
502,35.997450825464306,225.0,185.0,225.0,185.0,0.0
503,44.35127980689964,225.0,185.0,225.0,185.0,0.0
504,44.35127980689964,225.0,185.0,225.0,185.0,0.0
505,53.25739879179027,225.0,185.0,225.0,185.0,0.0
506,20.52071578927914,225.0,185.0,225.0,185.0,0.0
507,41.298041283979906,225.0,185.0,225.0,185.0,0.0
508,30.551209474933717,225.0,185.0,225.0,185.0,0.0
509,34.90180990408976,225.0,185.0,225.0,185.0,0.0
510,34.90180990408976,225.0,185.0,225.0,185.0,0.0
511,34.90180990408976,225.0,185.0,225.0,185.0,0.0
512,39.41512071098513,225.0,185.0,225.0,185.0,0.0
513,46.543512904046345,225.0,185.0,225.0,185.0,0.0
514,46.543512904046345,225.0,185.0,225.0,185.0,0.0
515,47.75596659858039,225.0,185.0,225.0,185.0,0.0
516,47.75596659858039,225.0,185.0,225.0,185.0,0.0
517,50.35519605984899,225.0,185.0,225.0,185.0,0.0
518,50.35519605984899,225.0,185.0,225.0,185.0,0.0
519,28.62169661172968,225.0,185.0,225.0,185.0,0.0
520,28.62169661172968,225.0,185.0,225.0,185.0,0.0
521,57.2556268604518,225.0,185.0,225.0,185.0,0.0
522,57.2556268604518,225.0,185.0,225.0,185.0,0.0
523,48.596534495951616,225.0,185.0,225.0,185.0,0.0
524,48.596534495951616,225.0,185.0,225.0,185.0,0.0
525,40.908742766526004,225.0,185.0,225.0,185.0,0.0
526,40.908742766526004,225.0,185.0,225.0,185.0,0.0
527,44.69629047605411,225.0,185.0,225.0,185.0,0.0
528,25.835340430552165,225.0,185.0,225.0,185.0,0.0
529,36.310332715153855,225.0,185.0,225.0,185.0,0.0
530,36.310332715153855,225.0,185.0,225.0,185.0,0.0
531,32.591777488190345,225.0,185.0,225.0,185.0,0.0
532,49.46706249692626,225.0,185.0,225.0,185.0,0.0
533,48.54521750159662,225.0,185.0,225.0,185.0,0.0
534,48.54521750159662,225.0,185.0,225.0,185.0,0.0
535,55.9574188349362,225.0,185.0,225.0,185.0,0.0
536,55.9574188349362,225.0,185.0,225.0,185.0,0.0
537,48.14766464688124,225.0,185.0,225.0,185.0,0.0
538,48.14766464688124,225.0,185.0,225.0,185.0,0.0
539,47.16918489109447,225.0,185.0,225.0,185.0,0.0
540,47.16918489109447,225.0,185.0,225.0,185.0,0.0
541,43.995257275276785,225.0,185.0,225.0,185.0,0.0
542,43.995257275276785,225.0,185.0,225.0,185.0,0.0
543,32.482690929372055,225.0,185.0,225.0,185.0,0.0
544,32.482690929372055,225.0,185.0,225.0,185.0,0.0
545,39.141001677350076,225.0,185.0,225.0,185.0,0.0
546,39.141001677350076,225.0,185.0,225.0,185.0,0.0
547,37.11594266949415,225.0,185.0,225.0,185.0,0.0
548,37.11594266949415,225.0,185.0,225.0,185.0,0.0
549,49.37754518279776,225.0,185.0,225.0,185.0,0.0
550,49.37754518279776,225.0,185.0,225.0,185.0,0.0
551,40.72914870202192,225.0,185.0,225.0,185.0,0.0
552,40.72914870202192,225.0,185.0,225.0,185.0,0.0
553,31.48887822371581,225.0,185.0,225.0,185.0,0.0
554,31.48887822371581,225.0,185.0,225.0,185.0,0.0
555,36.48528030714763,225.0,185.0,225.0,185.0,0.0
556,36.48528030714763,225.0,185.0,225.0,185.0,0.0
557,44.78419333924361,225.0,185.0,225.0,185.0,0.0
558,44.78419333924361,225.0,185.0,225.0,185.0,0.0
559,32.0468038887602,225.0,185.0,225.0,185.0,0.0
560,32.0468038887602,225.0,185.0,225.0,185.0,0.0
561,32.47126650935087,225.0,185.0,225.0,185.0,0.0
562,32.47126650935087,225.0,185.0,225.0,185.0,0.0
563,36.1307772844999,225.0,185.0,225.0,185.0,0.0
564,36.1307772844999,225.0,185.0,225.0,185.0,0.0
565,100.0,225.0,185.0,225.0,185.0,0.0
566,100.0,225.0,185.0,225.0,185.0,0.0
567,46.42357463388309,225.0,185.0,225.0,185.0,0.0
568,46.42357463388309,225.0,185.0,225.0,185.0,0.0
569,48.88603951028103,225.0,185.0,225.0,185.0,0.0
570,48.88603951028103,225.0,185.0,225.0,185.0,0.0
571,57.962662689518716,225.0,185.0,225.0,185.0,0.0
572,57.962662689518716,225.0,185.0,225.0,185.0,0.0
573,43.244098946599664,225.0,185.0,225.0,185.0,0.0
574,43.244098946599664,225.0,185.0,225.0,185.0,0.0
575,34.093077528040524,225.0,185.0,225.0,185.0,0.0
576,34.093077528040524,225.0,185.0,225.0,185.0,0.0
577,44.24883356396295,225.0,185.0,225.0,185.0,0.0
578,44.24883356396295,225.0,185.0,225.0,185.0,0.0
579,52.14993801499199,225.0,185.0,225.0,185.0,0.0
580,52.14993801499199,225.0,185.0,225.0,185.0,0.0
581,45.067297281120254,225.0,185.0,225.0,185.0,0.0
582,51.244802118899074,225.0,185.0,225.0,185.0,0.0
583,43.48273178718441,225.0,185.0,225.0,185.0,0.0
584,43.48273178718441,225.0,185.0,225.0,185.0,0.0
585,53.50992883413461,225.0,185.0,225.0,185.0,0.0
586,53.50992883413461,225.0,185.0,225.0,185.0,0.0
587,41.51221771396929,225.0,185.0,225.0,185.0,0.0
588,41.51221771396929,225.0,185.0,225.0,185.0,0.0
589,32.553041887336036,225.0,185.0,225.0,185.0,0.0
590,32.553041887336036,225.0,185.0,225.0,185.0,0.0
591,29.002795563341643,225.0,185.0,225.0,185.0,0.0
592,29.002795563341643,225.0,185.0,225.0,185.0,0.0
593,43.470136512750535,225.0,185.0,225.0,185.0,0.0
594,43.470136512750535,225.0,185.0,225.0,185.0,0.0
595,49.46731165848526,225.0,185.0,225.0,185.0,0.0
596,49.46731165848526,225.0,185.0,225.0,185.0,0.0
597,40.352264638840005,225.0,185.0,225.0,185.0,0.0
598,40.352264638840005,225.0,185.0,225.5,186.3,1.3928388277184225
599,30.78106650873336,225.5,186.3,225.5,186.3,0.0
600,38.275638932755726,225.5,186.3,226.0,187.6,1.392838827718396
601,48.29807360454771,226.0,187.6,226.0,187.6,0.0
602,48.29807360454771,226.0,187.6,226.5,188.9,1.3928388277184225
603,34.63988943249921,226.5,188.9,226.5,188.9,0.0
604,34.63988943249921,226.5,188.9,227.0,190.2,1.392838827718396
605,31.568475724802617,227.0,190.2,227.0,190.2,0.0
606,31.568475724802617,227.0,190.2,227.5,191.5,1.3928388277184225
607,31.568475724802617,227.0,190.2,227.5,191.5,1.3928388277184225
608,31.568475724802617,227.0,190.2,228.0,192.8,2.785677655436845
609,36.23825154775402,228.0,192.8,228.0,192.8,0.0
610,36.23825154775402,228.0,192.8,228.5,194.1,1.392838827718396
611,26.35793901740045,228.5,194.1,228.5,194.1,0.0
612,26.35793901740045,228.5,194.1,229.0,195.4,1.3928388277184225
613,46.73722944922529,229.0,195.4,229.0,195.4,0.0
614,46.73722944922529,229.0,195.4,229.5,196.7,1.392838827718396
615,28.39014162094922,229.5,196.7,229.5,196.7,0.0
616,28.39014162094922,229.5,196.7,230.0,198.0,1.3928388277184225
617,25.30709327733905,230.0,198.0,230.0,198.0,0.0
618,41.09375913896927,230.0,198.0,230.5,199.3,1.3928388277184225
619,41.09375913896927,230.0,198.0,230.5,199.3,1.3928388277184225
620,41.09375913896927,230.0,198.0,231.0,200.6,2.785677655436819
621,37.89808912032179,231.0,200.6,231.0,200.6,0.0
622,37.89808912032179,231.0,200.6,231.5,201.9,1.3928388277184225
623,37.89808912032179,231.0,200.6,231.5,201.9,1.3928388277184225
624,37.89808912032179,231.0,200.6,232.0,203.2,2.785677655436819
625,58.804277597775574,232.0,203.2,232.0,203.2,0.0
626,58.804277597775574,232.0,203.2,232.5,204.5,1.3928388277184225
627,30.80738060521931,232.5,204.5,232.5,204.5,0.0
628,30.80738060521931,232.5,204.5,233.0,205.8,1.3928388277184225
629,30.50893221443329,233.0,205.8,233.0,205.8,0.0
630,30.50893221443329,233.0,205.8,233.5,207.1,1.392838827718396
631,26.4948616628675,233.5,207.1,233.5,207.1,0.0
632,26.4948616628675,233.5,207.1,234.0,208.4,1.3928388277184225
633,27.758862476169295,234.0,208.4,234.0,208.4,0.0
634,27.758862476169295,234.0,208.4,234.5,209.7,1.392838827718396
635,27.758862476169295,234.0,208.4,234.5,209.7,1.392838827718396
636,27.758862476169295,234.0,208.4,235.0,211.0,2.785677655436819
637,23.210234029396727,235.0,211.0,235.0,211.0,0.0
638,24.50623198265553,235.0,211.0,235.5,212.3,1.3928388277184225
639,31.22173039910443,235.5,212.3,235.5,212.3,0.0
640,31.22173039910443,235.5,212.3,236.0,213.6,1.392838827718396
641,27.76042621686184,236.0,213.6,236.0,213.6,0.0
642,27.76042621686184,236.0,213.6,236.5,214.9,1.3928388277184225
643,27.88802189767475,236.5,214.9,236.5,214.9,0.0
644,27.88802189767475,236.5,214.9,237.0,216.2,1.392838827718396
645,30.156073015735817,237.0,216.2,237.0,216.2,0.0
646,30.156073015735817,237.0,216.2,237.5,217.5,1.3928388277184225
647,23.091442605059246,237.5,217.5,237.5,217.5,0.0
648,23.091442605059246,237.5,217.5,238.0,218.8,1.3928388277184225
649,23.091442605059246,237.5,217.5,238.0,218.8,1.3928388277184225
650,23.091442605059246,237.5,217.5,238.5,220.1,2.785677655436819
651,23.091442605059246,237.5,217.5,238.5,220.1,2.785677655436819
652,30.509633581751086,238.5,220.1,239.0,221.4,1.3928388277184225
653,35.49499805380901,239.0,221.4,239.0,221.4,0.0
654,35.49499805380901,239.0,221.4,239.5,222.7,1.392838827718396
655,34.41926508924355,239.5,222.7,239.5,222.7,0.0
656,34.41926508924355,239.5,222.7,240.0,224.0,1.3928388277184225
657,21.099724620077442,240.0,224.0,240.0,224.0,0.0
658,21.099724620077442,240.0,224.0,240.5,225.3,1.3928388277184225
659,21.099724620077442,240.0,224.0,240.5,225.3,1.3928388277184225
660,21.099724620077442,240.0,224.0,241.0,226.6,2.785677655436819
661,21.099724620077442,240.0,224.0,241.0,226.6,2.785677655436819
662,21.099724620077442,240.0,224.0,241.5,227.9,4.178516483155241
663,21.099724620077442,240.0,224.0,241.5,227.9,4.178516483155241
664,21.099724620077442,240.0,224.0,242.0,229.2,5.571355310873638
665,21.099724620077442,240.0,224.0,242.0,229.2,5.571355310873638
666,21.099724620077442,240.0,224.0,242.5,230.5,6.96419413859206
667,21.099724620077442,240.0,224.0,242.5,230.5,6.96419413859206
668,21.099724620077442,240.0,224.0,243.0,231.8,8.357032966310483
669,21.099724620077442,240.0,224.0,243.0,231.8,8.357032966310483
670,21.099724620077442,240.0,224.0,243.5,233.1,9.749871794028879
671,21.099724620077442,240.0,224.0,243.5,233.1,9.749871794028879
672,21.099724620077442,240.0,224.0,244.0,234.4,11.142710621747302
673,21.099724620077442,240.0,224.0,244.0,234.4,11.142710621747302
674,21.099724620077442,240.0,224.0,244.5,235.7,12.535549449465696
675,21.099724620077442,240.0,224.0,244.5,235.7,12.535549449465696
676,21.099724620077442,240.0,224.0,245.0,237.0,13.92838827718412
677,21.099724620077442,240.0,224.0,245.0,237.0,13.92838827718412
678,21.099724620077442,240.0,224.0,245.5,238.3,15.321227104902542
679,21.099724620077442,240.0,224.0,245.5,238.3,15.321227104902542
680,21.099724620077442,240.0,224.0,246.0,239.6,16.714065932620937
681,21.099724620077442,240.0,224.0,246.0,239.6,16.714065932620937
682,21.099724620077442,240.0,224.0,246.5,240.9,18.10690476033936
683,21.099724620077442,240.0,224.0,246.5,240.9,18.10690476033936
684,21.099724620077442,240.0,224.0,247.0,242.2,19.499743588057758
685,21.099724620077442,240.0,224.0,247.0,242.2,19.499743588057758
686,21.099724620077442,240.0,224.0,247.5,243.5,20.89258241577618
687,21.099724620077442,240.0,224.0,247.5,243.5,20.89258241577618
688,21.099724620077442,240.0,224.0,248.0,244.8,22.285421243494604
689,21.099724620077442,240.0,224.0,248.0,244.8,22.285421243494604
690,21.099724620077442,240.0,224.0,248.5,246.1,23.678260071212996
691,21.099724620077442,240.0,224.0,248.5,246.1,23.678260071212996
692,21.099724620077442,240.0,224.0,249.0,247.4,25.07109889893142
693,21.099724620077442,240.0,224.0,249.0,247.4,25.07109889893142
694,21.099724620077442,240.0,224.0,249.5,248.7,26.463937726649817
695,21.099724620077442,240.0,224.0,249.5,248.7,26.463937726649817
696,21.099724620077442,240.0,224.0,250.0,250.0,27.85677655436824
697,21.099724620077442,240.0,224.0,250.0,250.0,27.85677655436824
698,21.099724620077442,240.0,224.0,250.0,250.0,27.85677655436824
699,21.099724620077442,240.0,224.0,250.0,250.0,27.85677655436824
700,21.099724620077442,240.0,224.0,250.0,250.0,27.85677655436824
701,21.099724620077442,240.0,224.0,250.0,250.0,27.85677655436824
702,21.099724620077442,240.0,224.0,250.0,250.0,27.85677655436824
703,21.099724620077442,240.0,224.0,250.0,250.0,27.85677655436824
704,21.099724620077442,240.0,224.0,250.0,250.0,27.85677655436824
705,21.099724620077442,240.0,224.0,250.0,250.0,27.85677655436824
706,21.099724620077442,240.0,224.0,250.0,250.0,27.85677655436824
707,21.099724620077442,240.0,224.0,250.0,250.0,27.85677655436824
708,21.099724620077442,240.0,224.0,250.0,250.0,27.85677655436824
709,21.099724620077442,240.0,224.0,250.0,250.0,27.85677655436824
710,21.099724620077442,240.0,224.0,250.0,250.0,27.85677655436824
711,21.099724620077442,240.0,224.0,250.0,250.0,27.85677655436824
712,21.099724620077442,240.0,224.0,250.0,250.0,27.85677655436824
713,21.099724620077442,240.0,224.0,250.0,250.0,27.85677655436824
714,21.099724620077442,240.0,224.0,250.0,250.0,27.85677655436824
715,21.099724620077442,240.0,224.0,250.0,250.0,27.85677655436824
716,21.099724620077442,240.0,224.0,250.0,250.0,27.85677655436824
717,21.099724620077442,240.0,224.0,250.0,250.0,27.85677655436824
718,21.099724620077442,240.0,224.0,250.0,250.0,27.85677655436824
719,21.099724620077442,240.0,224.0,250.0,250.0,27.85677655436824
720,21.099724620077442,240.0,224.0,250.0,250.0,27.85677655436824
721,21.099724620077442,240.0,224.0,250.0,250.0,27.85677655436824
722,21.099724620077442,240.0,224.0,250.0,250.0,27.85677655436824
723,21.099724620077442,240.0,224.0,250.0,250.0,27.85677655436824
724,21.099724620077442,240.0,224.0,250.0,250.0,27.85677655436824
725,21.099724620077442,240.0,224.0,250.0,250.0,27.85677655436824
726,21.099724620077442,240.0,224.0,250.0,250.0,27.85677655436824
727,21.099724620077442,240.0,224.0,250.0,250.0,27.85677655436824
728,21.099724620077442,240.0,224.0,250.0,250.0,27.85677655436824
729,21.099724620077442,240.0,224.0,250.0,250.0,27.85677655436824
730,21.099724620077442,240.0,224.0,250.0,250.0,27.85677655436824
731,21.099724620077442,240.0,224.0,250.0,250.0,27.85677655436824
732,21.099724620077442,240.0,224.0,250.0,250.0,27.85677655436824
733,21.099724620077442,240.0,224.0,250.0,250.0,27.85677655436824
734,21.099724620077442,240.0,224.0,250.0,250.0,27.85677655436824
735,21.099724620077442,240.0,224.0,250.0,250.0,27.85677655436824
736,21.099724620077442,240.0,224.0,250.0,250.0,27.85677655436824
737,21.099724620077442,240.0,224.0,250.0,250.0,27.85677655436824
738,21.099724620077442,240.0,224.0,250.0,250.0,27.85677655436824
739,21.099724620077442,240.0,224.0,250.0,250.0,27.85677655436824
740,21.099724620077442,240.0,224.0,250.0,250.0,27.85677655436824
741,21.099724620077442,240.0,224.0,250.0,250.0,27.85677655436824
742,21.099724620077442,240.0,224.0,250.0,250.0,27.85677655436824
743,21.099724620077442,240.0,224.0,250.0,250.0,27.85677655436824
744,21.099724620077442,240.0,224.0,250.0,250.0,27.85677655436824
745,21.099724620077442,240.0,224.0,250.0,250.0,27.85677655436824
746,21.099724620077442,240.0,224.0,250.0,250.0,27.85677655436824
747,21.099724620077442,240.0,224.0,250.0,250.0,27.85677655436824
748,21.099724620077442,240.0,224.0,250.0,250.0,27.85677655436824
749,21.099724620077442,240.0,224.0,250.0,250.0,27.85677655436824
750,21.099724620077442,240.0,224.0,250.0,250.0,27.85677655436824
751,21.099724620077442,240.0,224.0,250.0,250.0,27.85677655436824
752,21.099724620077442,240.0,224.0,250.0,250.0,27.85677655436824
753,21.099724620077442,240.0,224.0,250.0,250.0,27.85677655436824
754,21.099724620077442,240.0,224.0,250.0,250.0,27.85677655436824
755,21.099724620077442,240.0,224.0,250.0,250.0,27.85677655436824
756,21.099724620077442,240.0,224.0,250.0,250.0,27.85677655436824
757,21.099724620077442,240.0,224.0,250.0,250.0,27.85677655436824
758,21.099724620077442,240.0,224.0,250.0,250.0,27.85677655436824
759,21.099724620077442,240.0,224.0,250.0,250.0,27.85677655436824
760,21.099724620077442,240.0,224.0,250.0,250.0,27.85677655436824
761,21.099724620077442,240.0,224.0,250.0,250.0,27.85677655436824
762,21.099724620077442,240.0,224.0,250.0,250.0,27.85677655436824
763,21.099724620077442,240.0,224.0,250.0,250.0,27.85677655436824
764,21.099724620077442,240.0,224.0,250.0,250.0,27.85677655436824
765,21.099724620077442,240.0,224.0,250.0,250.0,27.85677655436824
766,21.099724620077442,240.0,224.0,250.0,250.0,27.85677655436824
767,21.099724620077442,240.0,224.0,250.0,250.0,27.85677655436824
768,21.099724620077442,240.0,224.0,250.0,250.0,27.85677655436824
769,21.099724620077442,240.0,224.0,250.0,250.0,27.85677655436824
770,21.099724620077442,240.0,224.0,250.0,250.0,27.85677655436824
771,21.099724620077442,240.0,224.0,250.0,250.0,27.85677655436824
772,21.099724620077442,240.0,224.0,250.0,250.0,27.85677655436824
773,21.099724620077442,240.0,224.0,250.0,250.0,27.85677655436824
774,21.099724620077442,240.0,224.0,250.0,250.0,27.85677655436824
775,21.099724620077442,240.0,224.0,250.0,250.0,27.85677655436824
776,21.099724620077442,240.0,224.0,250.0,250.0,27.85677655436824
777,21.099724620077442,240.0,224.0,250.0,250.0,27.85677655436824
778,21.099724620077442,240.0,224.0,250.0,250.0,27.85677655436824
779,21.099724620077442,240.0,224.0,250.0,250.0,27.85677655436824
780,21.099724620077442,240.0,224.0,250.0,250.0,27.85677655436824
781,21.099724620077442,240.0,224.0,250.0,250.0,27.85677655436824
782,21.099724620077442,240.0,224.0,250.0,250.0,27.85677655436824
783,21.099724620077442,240.0,224.0,250.0,250.0,27.85677655436824
784,21.099724620077442,240.0,224.0,250.0,250.0,27.85677655436824
785,21.099724620077442,240.0,224.0,250.0,250.0,27.85677655436824
786,21.099724620077442,240.0,224.0,250.0,250.0,27.85677655436824
787,21.099724620077442,240.0,224.0,250.0,250.0,27.85677655436824
788,21.099724620077442,240.0,224.0,250.0,250.0,27.85677655436824
789,21.099724620077442,240.0,224.0,250.0,250.0,27.85677655436824
790,21.099724620077442,240.0,224.0,250.0,250.0,27.85677655436824
791,21.099724620077442,240.0,224.0,250.0,250.0,27.85677655436824
792,21.099724620077442,240.0,224.0,250.0,250.0,27.85677655436824
793,21.099724620077442,240.0,224.0,250.0,250.0,27.85677655436824
794,21.099724620077442,240.0,224.0,250.0,250.0,27.85677655436824
795,21.099724620077442,240.0,224.0,250.0,250.0,27.85677655436824
796,21.099724620077442,240.0,224.0,250.0,250.0,27.85677655436824
797,21.099724620077442,240.0,224.0,250.0,250.0,27.85677655436824
798,21.099724620077442,240.0,224.0,250.5,248.2,26.37972706454711
799,21.099724620077442,240.0,224.0,250.5,248.2,26.37972706454711
800,21.099724620077442,240.0,224.0,251.0,246.4,24.955159787106158
801,21.099724620077442,240.0,224.0,251.0,246.4,24.955159787106158
802,21.099724620077442,240.0,224.0,251.5,244.6,23.592583580438998
803,21.099724620077442,240.0,224.0,251.5,244.6,23.592583580438998
804,21.099724620077442,240.0,224.0,252.0,242.8,22.30336297512105
805,21.099724620077442,240.0,224.0,252.0,242.8,22.30336297512105
806,21.099724620077442,240.0,224.0,252.5,241.0,21.10094784600919
807,21.099724620077442,240.0,224.0,252.5,241.0,21.10094784600919
808,21.099724620077442,240.0,224.0,253.0,239.2,20.00099997500124
809,21.099724620077442,240.0,224.0,253.0,239.2,20.00099997500124
810,21.099724620077442,240.0,224.0,253.5,237.4,19.02130384595126
811,21.099724620077442,240.0,224.0,253.5,237.4,19.02130384595126
812,21.099724620077442,240.0,224.0,254.0,235.6,18.181309083781613
813,21.099724620077442,240.0,224.0,254.0,235.6,18.181309083781613
814,21.099724620077442,240.0,224.0,254.5,233.8,17.501142819827514
815,21.099724620077442,240.0,224.0,254.5,233.8,17.501142819827514
816,21.099724620077442,240.0,224.0,255.0,232.0,17.0
817,21.099724620077442,240.0,224.0,255.0,232.0,17.0
818,21.099724620077442,240.0,224.0,255.5,230.2,16.694010902116958
819,21.099724620077442,240.0,224.0,255.5,230.2,16.694010902116958
820,21.099724620077442,240.0,224.0,256.0,228.4,16.593974810153235
821,21.099724620077442,240.0,224.0,256.0,228.4,16.593974810153235
822,21.099724620077442,240.0,224.0,256.5,226.6,16.70359242797788
823,21.099724620077442,240.0,224.0,256.5,226.6,16.70359242797788
824,21.099724620077442,240.0,224.0,257.0,224.8,17.01881311960385
825,21.099724620077442,240.0,224.0,257.0,224.8,17.01881311960385
826,21.099724620077442,240.0,224.0,257.5,223.0,17.528548142958105
827,21.099724620077442,240.0,224.0,257.5,223.0,17.528548142958105
828,21.099724620077442,240.0,224.0,258.0,221.2,18.216476058777122
829,24.849347473421346,258.0,221.2,258.0,221.2,0.0
830,24.849347473421346,258.0,221.2,258.5,219.4,1.868154169226924
831,24.849347473421346,258.0,221.2,258.5,219.4,1.868154169226924
832,24.849347473421346,258.0,221.2,259.0,217.6,3.7363083384538753
833,34.97768888843992,259.0,217.6,259.0,217.6,0.0
834,34.97768888843992,259.0,217.6,259.5,215.8,1.868154169226924
835,24.03847570130205,259.5,215.8,259.5,215.8,0.0
836,24.03847570130205,259.5,215.8,260.0,214.0,1.8681541692269514
837,24.03847570130205,259.5,215.8,260.0,214.0,1.8681541692269514
838,24.03847570130205,259.5,215.8,260.5,212.2,3.736308338453903
839,20.670129259837474,260.5,212.2,260.5,212.2,0.0
840,27.29487437676206,260.5,212.2,261.0,210.4,1.868154169226924
841,36.18975902665473,261.0,210.4,261.0,210.4,0.0
842,36.18975902665473,261.0,210.4,261.5,208.6,1.8681541692269514
843,36.18975902665473,261.0,210.4,261.5,208.6,1.8681541692269514
844,36.18975902665473,261.0,210.4,262.0,206.8,3.7363083384538753
845,35.150241164371046,262.0,206.8,262.0,206.8,0.0
846,35.150241164371046,262.0,206.8,262.5,205.0,1.8681541692269514
847,35.150241164371046,262.0,206.8,262.5,205.0,1.8681541692269514
848,35.150241164371046,262.0,206.8,263.0,203.2,3.736308338453903
849,24.633800030112777,263.0,203.2,263.0,203.2,0.0
850,24.633800030112777,263.0,203.2,263.5,201.4,1.868154169226924
851,21.859161541354116,263.5,201.4,263.5,201.4,0.0
852,21.859161541354116,263.5,201.4,264.0,199.6,1.8681541692269514
853,38.327426713200005,264.0,199.6,264.0,199.6,0.0
854,38.327426713200005,264.0,199.6,264.5,197.8,1.868154169226924
855,33.77436817319444,264.5,197.8,264.5,197.8,0.0
856,33.77436817319444,264.5,197.8,265.0,196.0,1.8681541692269514
857,24.62230611648771,265.0,196.0,265.0,196.0,0.0
858,24.62230611648771,265.0,196.0,265.5,194.2,1.8681541692269514
859,46.50860174235737,265.5,194.2,265.5,194.2,0.0
860,46.50860174235737,265.5,194.2,266.0,192.4,1.868154169226924
861,33.44812776007665,266.0,192.4,266.0,192.4,0.0
862,33.44812776007665,266.0,192.4,266.5,190.6,1.8681541692269514
863,39.628190467004245,266.5,190.6,266.5,190.6,0.0
864,39.628190467004245,266.5,190.6,267.0,188.8,1.868154169226924
865,32.25479755359678,267.0,188.8,267.0,188.8,0.0
866,32.25479755359678,267.0,188.8,267.5,187.0,1.8681541692269514
867,49.21395027486867,267.5,187.0,267.5,187.0,0.0
868,49.21395027486867,267.5,187.0,268.0,185.2,1.8681541692269514
869,42.47830665177061,268.0,185.2,268.0,185.2,0.0
870,42.47830665177061,268.0,185.2,268.5,183.4,1.868154169226924
871,46.1852761130818,268.5,183.4,268.5,183.4,0.0
872,46.1852761130818,268.5,183.4,269.0,181.6,1.8681541692269514
873,34.467248917859344,269.0,181.6,269.0,181.6,0.0
874,34.467248917859344,269.0,181.6,269.5,179.8,1.868154169226924
875,25.108006472430098,269.5,179.8,269.5,179.8,0.0
876,25.108006472430098,269.5,179.8,270.0,178.0,1.8681541692269514
877,36.5373628184281,270.0,178.0,270.0,178.0,0.0
878,36.5373628184281,270.0,178.0,270.5,176.2,1.8681541692269514
879,84.25465690545991,270.5,176.2,270.5,176.2,0.0
880,84.25465690545991,270.5,176.2,271.0,174.4,1.868154169226924
881,56.97828280716187,271.0,174.4,271.0,174.4,0.0
882,56.97828280716187,271.0,174.4,271.5,172.6,1.8681541692269514
883,73.89623361815174,271.5,172.6,271.5,172.6,0.0
884,73.89623361815174,271.5,172.6,272.0,170.8,1.868154169226924
885,92.09985833616194,272.0,170.8,272.0,170.8,0.0
886,92.09985833616194,272.0,170.8,272.5,169.0,1.8681541692269514
887,47.811503015188,272.5,169.0,272.5,169.0,0.0
888,47.811503015188,272.5,169.0,273.0,167.2,1.8681541692269514
889,47.19977730121073,273.0,167.2,273.0,167.2,0.0
890,47.19977730121073,273.0,167.2,273.5,165.4,1.868154169226924
891,47.45467143656108,273.5,165.4,273.5,165.4,0.0
892,47.45467143656108,273.5,165.4,274.0,163.6,1.8681541692269514
893,74.4577663807214,274.0,163.6,274.0,163.6,0.0
894,74.4577663807214,274.0,163.6,274.5,161.8,1.868154169226924
895,77.16403942068735,274.5,161.8,274.5,161.8,0.0
896,77.16403942068735,274.5,161.8,275.0,160.0,1.8681541692269514
897,85.60152555749893,275.0,160.0,275.0,160.0,0.0
898,85.60152555749893,275.0,160.0,275.0,160.0,0.0
899,64.45678327937678,275.0,160.0,275.0,160.0,0.0
900,64.45678327937678,275.0,160.0,275.0,160.0,0.0
901,73.14109006712144,275.0,160.0,275.0,160.0,0.0
902,73.14109006712144,275.0,160.0,275.0,160.0,0.0
903,100.0,275.0,160.0,275.0,160.0,0.0
904,100.0,275.0,160.0,275.0,160.0,0.0
905,100.0,275.0,160.0,275.0,160.0,0.0
906,100.0,275.0,160.0,275.0,160.0,0.0
907,100.0,275.0,160.0,275.0,160.0,0.0
908,100.0,275.0,160.0,275.0,160.0,0.0
909,76.57348541425316,275.0,160.0,275.0,160.0,0.0
910,76.57348541425316,275.0,160.0,275.0,160.0,0.0
911,100.0,275.0,160.0,275.0,160.0,0.0
912,100.0,275.0,160.0,275.0,160.0,0.0
913,89.14520960763494,275.0,160.0,275.0,160.0,0.0
914,89.14520960763494,275.0,160.0,275.0,160.0,0.0
915,81.33375966893695,275.0,160.0,275.0,160.0,0.0
916,81.33375966893695,275.0,160.0,275.0,160.0,0.0
917,89.786942983221,275.0,160.0,275.0,160.0,0.0
918,89.786942983221,275.0,160.0,275.0,160.0,0.0
919,100.0,275.0,160.0,275.0,160.0,0.0
920,100.0,275.0,160.0,275.0,160.0,0.0
921,84.73936089124523,275.0,160.0,275.0,160.0,0.0
922,84.73936089124523,275.0,160.0,275.0,160.0,0.0
923,100.0,275.0,160.0,275.0,160.0,0.0
924,100.0,275.0,160.0,275.0,160.0,0.0
925,84.5678886469238,275.0,160.0,275.0,160.0,0.0
926,48.47558986139507,275.0,160.0,275.0,160.0,0.0
927,53.64879682755692,275.0,160.0,275.0,160.0,0.0
928,48.98645221887252,275.0,160.0,275.0,160.0,0.0
929,99.40614744817111,275.0,160.0,275.0,160.0,0.0
930,99.40614744817111,275.0,160.0,275.0,160.0,0.0
931,75.3658555985558,275.0,160.0,275.0,160.0,0.0
932,48.8260132962759,275.0,160.0,275.0,160.0,0.0
933,100.0,275.0,160.0,275.0,160.0,0.0
934,100.0,275.0,160.0,275.0,160.0,0.0
935,100.0,275.0,160.0,275.0,160.0,0.0
936,100.0,275.0,160.0,275.0,160.0,0.0
937,100.0,275.0,160.0,275.0,160.0,0.0
938,100.0,275.0,160.0,275.0,160.0,0.0
939,60.19116891046219,275.0,160.0,275.0,160.0,0.0
940,60.19116891046219,275.0,160.0,275.0,160.0,0.0
941,77.7517293416934,275.0,160.0,275.0,160.0,0.0
942,46.789637119385,275.0,160.0,275.0,160.0,0.0
943,73.76902609479207,275.0,160.0,275.0,160.0,0.0
944,73.76902609479207,275.0,160.0,275.0,160.0,0.0
945,100.0,275.0,160.0,275.0,160.0,0.0
946,100.0,275.0,160.0,275.0,160.0,0.0
947,42.54411025267171,275.0,160.0,275.0,160.0,0.0
948,42.54411025267171,275.0,160.0,275.0,160.0,0.0
949,100.0,275.0,160.0,275.0,160.0,0.0
950,100.0,275.0,160.0,275.0,160.0,0.0
951,100.0,275.0,160.0,275.0,160.0,0.0
952,100.0,275.0,160.0,275.0,160.0,0.0
953,40.50455198317843,275.0,160.0,275.0,160.0,0.0
954,59.982593182803626,275.0,160.0,275.0,160.0,0.0
955,82.25860643375428,275.0,160.0,275.0,160.0,0.0
956,82.25860643375428,275.0,160.0,275.0,160.0,0.0
957,100.0,275.0,160.0,275.0,160.0,0.0
958,100.0,275.0,160.0,275.0,160.0,0.0
959,100.0,275.0,160.0,275.0,160.0,0.0
960,100.0,275.0,160.0,275.0,160.0,0.0
961,89.00518221796177,275.0,160.0,275.0,160.0,0.0
962,89.00518221796177,275.0,160.0,275.0,160.0,0.0
963,65.13456839804012,275.0,160.0,275.0,160.0,0.0
964,65.13456839804012,275.0,160.0,275.0,160.0,0.0
965,78.7172163862895,275.0,160.0,275.0,160.0,0.0
966,78.7172163862895,275.0,160.0,275.0,160.0,0.0
967,55.336539256976565,275.0,160.0,275.0,160.0,0.0
968,91.36582881849517,275.0,160.0,275.0,160.0,0.0
969,93.09012569192876,275.0,160.0,275.0,160.0,0.0
970,93.09012569192876,275.0,160.0,275.0,160.0,0.0
971,95.67504115223251,275.0,160.0,275.0,160.0,0.0
972,95.67504115223251,275.0,160.0,275.0,160.0,0.0
973,69.80252399411545,275.0,160.0,275.0,160.0,0.0
974,69.80252399411545,275.0,160.0,275.0,160.0,0.0
975,100.0,275.0,160.0,275.0,160.0,0.0
976,100.0,275.0,160.0,275.0,160.0,0.0
977,69.02624202755781,275.0,160.0,275.0,160.0,0.0
978,42.53760302799524,275.0,160.0,275.0,160.0,0.0
979,74.65221283726427,275.0,160.0,275.0,160.0,0.0
980,74.65221283726427,275.0,160.0,275.0,160.0,0.0
981,57.097358478575444,275.0,160.0,275.0,160.0,0.0
982,57.097358478575444,275.0,160.0,275.0,160.0,0.0
983,62.724742795114935,275.0,160.0,275.0,160.0,0.0
984,62.724742795114935,275.0,160.0,275.0,160.0,0.0
985,74.28307876305892,275.0,160.0,275.0,160.0,0.0
986,74.28307876305892,275.0,160.0,275.0,160.0,0.0
987,66.71994832806276,275.0,160.0,275.0,160.0,0.0
988,66.71994832806276,275.0,160.0,275.0,160.0,0.0
989,82.12754869759037,275.0,160.0,275.0,160.0,0.0
990,82.12754869759037,275.0,160.0,275.0,160.0,0.0
991,80.44773221458992,275.0,160.0,275.0,160.0,0.0
992,39.809828837246855,275.0,160.0,275.0,160.0,0.0
993,92.66940416583503,275.0,160.0,275.0,160.0,0.0
994,92.66940416583503,275.0,160.0,275.0,160.0,0.0
995,100.0,275.0,160.0,275.0,160.0,0.0
996,100.0,275.0,160.0,275.0,160.0,0.0
997,91.0268753196137,275.0,160.0,275.0,160.0,0.0
998,91.0268753196137,275.0,160.0,275.5,161.8,1.8681541692269514
999,98.73106838932061,275.5,161.8,275.5,161.8,0.0
1000,98.73106838932061,275.5,161.8,276.0,163.6,1.868154169226924
1001,78.71725936611928,276.0,163.6,276.0,163.6,0.0
1002,78.71725936611928,276.0,163.6,276.5,165.4,1.8681541692269514
1003,61.286629133423354,276.5,165.4,276.5,165.4,0.0
1004,61.286629133423354,276.5,165.4,277.0,167.2,1.868154169226924
1005,67.62118643290995,277.0,167.2,277.0,167.2,0.0
1006,67.62118643290995,277.0,167.2,277.5,169.0,1.8681541692269514
1007,64.74260818666943,277.5,169.0,277.5,169.0,0.0
1008,64.74260818666943,277.5,169.0,278.0,170.8,1.8681541692269514
1009,51.4504646197105,278.0,170.8,278.0,170.8,0.0
1010,42.140424021564364,278.0,170.8,278.5,172.6,1.868154169226924
1011,73.26132720413058,278.5,172.6,278.5,172.6,0.0
1012,73.26132720413058,278.5,172.6,279.0,174.4,1.8681541692269514
1013,65.12810697410679,279.0,174.4,279.0,174.4,0.0
1014,65.12810697410679,279.0,174.4,279.5,176.2,1.868154169226924
1015,55.35185862738973,279.5,176.2,279.5,176.2,0.0
1016,55.35185862738973,279.5,176.2,280.0,178.0,1.8681541692269514
1017,46.03820352419509,280.0,178.0,280.0,178.0,0.0
1018,46.03820352419509,280.0,178.0,280.5,179.8,1.8681541692269514
1019,31.3222346053157,280.5,179.8,280.5,179.8,0.0
1020,31.3222346053157,280.5,179.8,281.0,181.6,1.868154169226924
1021,31.100634282125217,281.0,181.6,281.0,181.6,0.0
1022,31.100634282125217,281.0,181.6,281.5,183.4,1.8681541692269514
1023,54.815135553839674,281.5,183.4,281.5,183.4,0.0
1024,54.815135553839674,281.5,183.4,282.0,185.2,1.868154169226924
1025,23.79705398885523,282.0,185.2,282.0,185.2,0.0
1026,23.79705398885523,282.0,185.2,282.5,187.0,1.8681541692269514
1027,39.96622723626739,282.5,187.0,282.5,187.0,0.0
1028,39.96622723626739,282.5,187.0,283.0,188.8,1.8681541692269514
1029,35.94329099457126,283.0,188.8,283.0,188.8,0.0
1030,35.94329099457126,283.0,188.8,283.5,190.6,1.868154169226924
1031,25.736196390730083,283.5,190.6,283.5,190.6,0.0
1032,25.736196390730083,283.5,190.6,284.0,192.4,1.8681541692269514
1033,25.736196390730083,283.5,190.6,284.0,192.4,1.8681541692269514
1034,25.736196390730083,283.5,190.6,284.5,194.2,3.7363083384538753
1035,25.70493615110284,284.5,194.2,284.5,194.2,0.0
1036,25.70493615110284,284.5,194.2,285.0,196.0,1.8681541692269514
1037,25.70493615110284,284.5,194.2,285.0,196.0,1.8681541692269514
1038,25.70493615110284,284.5,194.2,285.5,197.8,3.736308338453903
1039,37.54787818480107,285.5,197.8,285.5,197.8,0.0
1040,37.54787818480107,285.5,197.8,286.0,199.6,1.868154169226924
1041,23.913945764264053,286.0,199.6,286.0,199.6,0.0
1042,23.913945764264053,286.0,199.6,286.5,201.4,1.8681541692269514
1043,56.242133332672836,286.5,201.4,286.5,201.4,0.0
1044,56.242133332672836,286.5,201.4,287.0,203.2,1.868154169226924
1045,29.631217463165225,287.0,203.2,287.0,203.2,0.0
1046,29.631217463165225,287.0,203.2,287.5,205.0,1.8681541692269514
1047,28.93957395763069,287.5,205.0,287.5,205.0,0.0
1048,28.93957395763069,287.5,205.0,288.0,206.8,1.8681541692269514
1049,33.279939512612586,288.0,206.8,288.0,206.8,0.0
1050,33.279939512612586,288.0,206.8,288.5,208.6,1.868154169226924
1051,26.14151819009239,288.5,208.6,288.5,208.6,0.0
1052,26.14151819009239,288.5,208.6,289.0,210.4,1.8681541692269514
1053,26.14151819009239,288.5,208.6,289.0,210.4,1.8681541692269514
1054,26.14151819009239,288.5,208.6,289.5,212.2,3.7363083384538753
1055,22.782092703970186,289.5,212.2,289.5,212.2,0.0
1056,22.782092703970186,289.5,212.2,290.0,214.0,1.8681541692269514
1057,22.782092703970186,289.5,212.2,290.0,214.0,1.8681541692269514
1058,22.782092703970186,289.5,212.2,290.5,215.8,3.736308338453903
1059,21.09106633111456,290.5,215.8,290.5,215.8,0.0
1060,21.09106633111456,290.5,215.8,291.0,217.6,1.868154169226924
1061,21.09106633111456,290.5,215.8,291.0,217.6,1.868154169226924
1062,21.09106633111456,290.5,215.8,291.5,219.4,3.7363083384538753
1063,21.09106633111456,290.5,215.8,291.5,219.4,3.7363083384538753
1064,21.09106633111456,290.5,215.8,292.0,221.2,5.6044625076807995
1065,21.09106633111456,290.5,215.8,292.0,221.2,5.6044625076807995
1066,21.09106633111456,290.5,215.8,292.5,223.0,7.472616676907751
1067,21.09106633111456,290.5,215.8,292.5,223.0,7.472616676907751
1068,21.09106633111456,290.5,215.8,293.0,224.8,9.340770846134703
1069,21.09106633111456,290.5,215.8,293.0,224.8,9.340770846134703
1070,21.09106633111456,290.5,215.8,293.5,226.6,11.208925015361626
1071,21.09106633111456,290.5,215.8,293.5,226.6,11.208925015361626
1072,21.09106633111456,290.5,215.8,294.0,228.4,13.077079184588577
1073,21.09106633111456,290.5,215.8,294.0,228.4,13.077079184588577
1074,21.09106633111456,290.5,215.8,294.5,230.2,14.945233353815501
1075,21.09106633111456,290.5,215.8,294.5,230.2,14.945233353815501
1076,21.09106633111456,290.5,215.8,295.0,232.0,16.813387523042454
1077,21.09106633111456,290.5,215.8,295.0,232.0,16.813387523042454
1078,21.09106633111456,290.5,215.8,295.5,233.8,18.681541692269406
1079,21.09106633111456,290.5,215.8,295.5,233.8,18.681541692269406
1080,21.09106633111456,290.5,215.8,296.0,235.6,20.54969586149633
1081,21.09106633111456,290.5,215.8,296.0,235.6,20.54969586149633
1082,21.09106633111456,290.5,215.8,296.5,237.4,22.41785003072328
1083,21.09106633111456,290.5,215.8,296.5,237.4,22.41785003072328
1084,21.09106633111456,290.5,215.8,297.0,239.2,24.286004199950202
1085,21.09106633111456,290.5,215.8,297.0,239.2,24.286004199950202
1086,21.09106633111456,290.5,215.8,297.5,241.0,26.154158369177154
1087,21.09106633111456,290.5,215.8,297.5,241.0,26.154158369177154
1088,21.09106633111456,290.5,215.8,298.0,242.8,28.02231253840411
1089,21.09106633111456,290.5,215.8,298.0,242.8,28.02231253840411
1090,21.09106633111456,290.5,215.8,298.5,244.6,29.89046670763103
1091,21.09106633111456,290.5,215.8,298.5,244.6,29.89046670763103
1092,21.09106633111456,290.5,215.8,299.0,246.4,31.758620876857982
1093,21.09106633111456,290.5,215.8,299.0,246.4,31.758620876857982
1094,21.09106633111456,290.5,215.8,299.5,248.2,33.62677504608491
1095,21.09106633111456,290.5,215.8,299.5,248.2,33.62677504608491
1096,21.09106633111456,290.5,215.8,300.0,250.0,35.494929215311856
1097,21.09106633111456,290.5,215.8,300.0,250.0,35.494929215311856
1098,21.09106633111456,290.5,215.8,300.0,250.0,35.494929215311856
1099,21.09106633111456,290.5,215.8,300.0,250.0,35.494929215311856
1100,21.09106633111456,290.5,215.8,300.0,250.0,35.494929215311856
1101,21.09106633111456,290.5,215.8,300.0,250.0,35.494929215311856
1102,21.09106633111456,290.5,215.8,300.0,250.0,35.494929215311856
1103,21.09106633111456,290.5,215.8,300.0,250.0,35.494929215311856
1104,21.09106633111456,290.5,215.8,300.0,250.0,35.494929215311856
1105,21.09106633111456,290.5,215.8,300.0,250.0,35.494929215311856
1106,21.09106633111456,290.5,215.8,300.0,250.0,35.494929215311856
1107,21.09106633111456,290.5,215.8,300.0,250.0,35.494929215311856
1108,21.09106633111456,290.5,215.8,300.0,250.0,35.494929215311856
1109,21.09106633111456,290.5,215.8,300.0,250.0,35.494929215311856
1110,21.09106633111456,290.5,215.8,300.0,250.0,35.494929215311856
1111,21.09106633111456,290.5,215.8,300.0,250.0,35.494929215311856
1112,21.09106633111456,290.5,215.8,300.0,250.0,35.494929215311856
1113,21.09106633111456,290.5,215.8,300.0,250.0,35.494929215311856
1114,21.09106633111456,290.5,215.8,300.0,250.0,35.494929215311856
1115,21.09106633111456,290.5,215.8,300.0,250.0,35.494929215311856
1116,21.09106633111456,290.5,215.8,300.0,250.0,35.494929215311856
1117,21.09106633111456,290.5,215.8,300.0,250.0,35.494929215311856
1118,21.09106633111456,290.5,215.8,300.0,250.0,35.494929215311856
1119,21.09106633111456,290.5,215.8,300.0,250.0,35.494929215311856
1120,21.09106633111456,290.5,215.8,300.0,250.0,35.494929215311856
1121,21.09106633111456,290.5,215.8,300.0,250.0,35.494929215311856
1122,21.09106633111456,290.5,215.8,300.0,250.0,35.494929215311856
1123,21.09106633111456,290.5,215.8,300.0,250.0,35.494929215311856
1124,21.09106633111456,290.5,215.8,300.0,250.0,35.494929215311856
1125,21.09106633111456,290.5,215.8,300.0,250.0,35.494929215311856
1126,21.09106633111456,290.5,215.8,300.0,250.0,35.494929215311856
1127,21.09106633111456,290.5,215.8,300.0,250.0,35.494929215311856
1128,21.09106633111456,290.5,215.8,300.0,250.0,35.494929215311856
1129,21.09106633111456,290.5,215.8,300.0,250.0,35.494929215311856
1130,21.09106633111456,290.5,215.8,300.0,250.0,35.494929215311856
1131,21.09106633111456,290.5,215.8,300.0,250.0,35.494929215311856
1132,21.09106633111456,290.5,215.8,300.0,250.0,35.494929215311856
1133,21.09106633111456,290.5,215.8,300.0,250.0,35.494929215311856
1134,21.09106633111456,290.5,215.8,300.0,250.0,35.494929215311856
1135,21.09106633111456,290.5,215.8,300.0,250.0,35.494929215311856
1136,21.09106633111456,290.5,215.8,300.0,250.0,35.494929215311856
1137,21.09106633111456,290.5,215.8,300.0,250.0,35.494929215311856
1138,21.09106633111456,290.5,215.8,300.0,250.0,35.494929215311856
1139,21.09106633111456,290.5,215.8,300.0,250.0,35.494929215311856
1140,21.09106633111456,290.5,215.8,300.0,250.0,35.494929215311856
1141,21.09106633111456,290.5,215.8,300.0,250.0,35.494929215311856
1142,21.09106633111456,290.5,215.8,300.0,250.0,35.494929215311856
1143,21.09106633111456,290.5,215.8,300.0,250.0,35.494929215311856
1144,21.09106633111456,290.5,215.8,300.0,250.0,35.494929215311856
1145,21.09106633111456,290.5,215.8,300.0,250.0,35.494929215311856
1146,21.09106633111456,290.5,215.8,300.0,250.0,35.494929215311856
1147,21.09106633111456,290.5,215.8,300.0,250.0,35.494929215311856
1148,21.09106633111456,290.5,215.8,300.0,250.0,35.494929215311856
1149,21.09106633111456,290.5,215.8,300.0,250.0,35.494929215311856
1150,21.09106633111456,290.5,215.8,300.0,250.0,35.494929215311856
1151,21.09106633111456,290.5,215.8,300.0,250.0,35.494929215311856
1152,21.09106633111456,290.5,215.8,300.0,250.0,35.494929215311856
1153,21.09106633111456,290.5,215.8,300.0,250.0,35.494929215311856
1154,21.09106633111456,290.5,215.8,300.0,250.0,35.494929215311856
1155,21.09106633111456,290.5,215.8,300.0,250.0,35.494929215311856
1156,21.09106633111456,290.5,215.8,300.0,250.0,35.494929215311856
1157,21.09106633111456,290.5,215.8,300.0,250.0,35.494929215311856
1158,21.09106633111456,290.5,215.8,300.0,250.0,35.494929215311856
1159,21.09106633111456,290.5,215.8,300.0,250.0,35.494929215311856
1160,21.09106633111456,290.5,215.8,300.0,250.0,35.494929215311856
1161,21.09106633111456,290.5,215.8,300.0,250.0,35.494929215311856
1162,21.09106633111456,290.5,215.8,300.0,250.0,35.494929215311856
1163,21.09106633111456,290.5,215.8,300.0,250.0,35.494929215311856
1164,21.09106633111456,290.5,215.8,300.0,250.0,35.494929215311856
1165,21.09106633111456,290.5,215.8,300.0,250.0,35.494929215311856
1166,21.09106633111456,290.5,215.8,300.0,250.0,35.494929215311856
1167,21.09106633111456,290.5,215.8,300.0,250.0,35.494929215311856
1168,21.09106633111456,290.5,215.8,300.0,250.0,35.494929215311856
1169,21.09106633111456,290.5,215.8,300.0,250.0,35.494929215311856
1170,21.09106633111456,290.5,215.8,300.0,250.0,35.494929215311856
1171,21.09106633111456,290.5,215.8,300.0,250.0,35.494929215311856
1172,21.09106633111456,290.5,215.8,300.0,250.0,35.494929215311856
1173,21.09106633111456,290.5,215.8,300.0,250.0,35.494929215311856
1174,21.09106633111456,290.5,215.8,300.0,250.0,35.494929215311856
1175,21.09106633111456,290.5,215.8,300.0,250.0,35.494929215311856
1176,21.09106633111456,290.5,215.8,300.0,250.0,35.494929215311856
1177,21.09106633111456,290.5,215.8,300.0,250.0,35.494929215311856
1178,21.09106633111456,290.5,215.8,300.0,250.0,35.494929215311856
1179,21.09106633111456,290.5,215.8,300.0,250.0,35.494929215311856
1180,21.09106633111456,290.5,215.8,300.0,250.0,35.494929215311856
1181,21.09106633111456,290.5,215.8,300.0,250.0,35.494929215311856
1182,21.09106633111456,290.5,215.8,300.0,250.0,35.494929215311856
1183,21.09106633111456,290.5,215.8,300.0,250.0,35.494929215311856
1184,21.09106633111456,290.5,215.8,300.0,250.0,35.494929215311856
1185,21.09106633111456,290.5,215.8,300.0,250.0,35.494929215311856
1186,21.09106633111456,290.5,215.8,300.0,250.0,35.494929215311856
1187,21.09106633111456,290.5,215.8,300.0,250.0,35.494929215311856
1188,21.09106633111456,290.5,215.8,300.0,250.0,35.494929215311856
1189,21.09106633111456,290.5,215.8,300.0,250.0,35.494929215311856
1190,21.09106633111456,290.5,215.8,300.0,250.0,35.494929215311856
1191,21.09106633111456,290.5,215.8,300.0,250.0,35.494929215311856
1192,21.09106633111456,290.5,215.8,300.0,250.0,35.494929215311856
1193,21.09106633111456,290.5,215.8,300.0,250.0,35.494929215311856
1194,21.09106633111456,290.5,215.8,300.0,250.0,35.494929215311856
